0,(0.0, 1.5, 2.0),0,2022/11/18 17:54:37
18,(0.0, 1.5, -8.0),1,2022/11/18 17:54:47
20,(-6.9, 1.5, -4.0),2,2022/11/18 17:54:57
17,(4.0, 1.5, -6.9),3,2022/11/18 17:55:07
11,(-1.0, 1.5, 1.7),4,2022/11/18 17:55:17
4,(1.7, 1.5, -1.0),5,2022/11/18 17:55:27
6,(0.0, 1.5, -2.0),6,2022/11/18 17:55:37
16,(6.9, 1.5, -4.0),7,2022/11/18 17:55:47
13,(4.0, 1.5, 6.9),8,2022/11/18 17:55:57
7,(-1.0, 1.5, -1.7),9,2022/11/18 17:56:07
9,(-2.0, 1.5, 0.0),10,2022/11/18 17:56:17
10,(-1.7, 1.5, 1.0),11,2022/11/18 17:56:27
20,(-6.9, 1.5, -4.0),12,2022/11/18 17:56:37
9,(-2.0, 1.5, 0.0),13,2022/11/18 17:56:47
19,(-4.0, 1.5, -6.9),14,2022/11/18 17:56:57
5,(1.0, 1.5, -1.7),15,2022/11/18 17:57:07
6,(0.0, 1.5, -2.0),16,2022/11/18 17:57:17
16,(6.9, 1.5, -4.0),17,2022/11/18 17:57:27
21,(-8.0, 1.5, 0.0),18,2022/11/18 17:57:37
15,(8.0, 1.5, 0.0),19,2022/11/18 17:57:47
9,(-2.0, 1.5, 0.0),20,2022/11/18 17:57:57
2,(1.7, 1.5, 1.0),21,2022/11/18 17:58:07
20,(-6.9, 1.5, -4.0),22,2022/11/18 17:58:17
22,(-6.9, 1.5, 4.0),23,2022/11/18 17:58:27
19,(-4.0, 1.5, -6.9),24,2022/11/18 17:58:37
20,(-6.9, 1.5, -4.0),25,2022/11/18 17:58:47
15,(8.0, 1.5, 0.0),26,2022/11/18 17:58:57
1,(1.0, 1.5, 1.7),27,2022/11/18 17:59:07
11,(-1.0, 1.5, 1.7),28,2022/11/18 17:59:17
22,(-6.9, 1.5, 4.0),29,2022/11/18 17:59:27
0,(0.0, 1.5, 2.0),30,2022/11/18 17:59:37
19,(-4.0, 1.5, -6.9),31,2022/11/18 17:59:47
13,(4.0, 1.5, 6.9),32,2022/11/18 17:59:57
7,(-1.0, 1.5, -1.7),33,2022/11/18 18:00:07
18,(0.0, 1.5, -8.0),34,2022/11/18 18:00:17
4,(1.7, 1.5, -1.0),35,2022/11/18 18:00:27
3,(2.0, 1.5, 0.0),36,2022/11/18 18:00:37
5,(1.0, 1.5, -1.7),37,2022/11/18 18:00:47
12,(0.0, 1.5, 8.0),38,2022/11/18 18:00:57
22,(-6.9, 1.5, 4.0),39,2022/11/18 18:01:07
1,(1.0, 1.5, 1.7),40,2022/11/18 18:01:17
11,(-1.0, 1.5, 1.7),41,2022/11/18 18:01:27
21,(-8.0, 1.5, 0.0),42,2022/11/18 18:01:37
4,(1.7, 1.5, -1.0),43,2022/11/18 18:01:47
22,(-6.9, 1.5, 4.0),44,2022/11/18 18:01:57
9,(-2.0, 1.5, 0.0),45,2022/11/18 18:02:07
3,(2.0, 1.5, 0.0),46,2022/11/18 18:02:17
5,(1.0, 1.5, -1.7),47,2022/11/18 18:02:27
4,(1.7, 1.5, -1.0),48,2022/11/18 18:02:37
6,(0.0, 1.5, -2.0),49,2022/11/18 18:02:47
8,(-1.7, 1.5, -1.0),50,2022/11/18 18:02:57
16,(6.9, 1.5, -4.0),51,2022/11/18 18:03:07
6,(0.0, 1.5, -2.0),52,2022/11/18 18:03:17
7,(-1.0, 1.5, -1.7),53,2022/11/18 18:03:27
5,(1.0, 1.5, -1.7),54,2022/11/18 18:03:37
19,(-4.0, 1.5, -6.9),55,2022/11/18 18:03:47
8,(-1.7, 1.5, -1.0),56,2022/11/18 18:03:57
22,(-6.9, 1.5, 4.0),57,2022/11/18 18:04:07
8,(-1.7, 1.5, -1.0),58,2022/11/18 18:04:17
16,(6.9, 1.5, -4.0),59,2022/11/18 18:04:27
20,(-6.9, 1.5, -4.0),60,2022/11/18 18:09:42
10,(-1.7, 1.5, 1.0),61,2022/11/18 18:09:52
12,(0.0, 1.5, 8.0),62,2022/11/18 18:10:02
8,(-1.7, 1.5, -1.0),63,2022/11/18 18:10:12
1,(1.0, 1.5, 1.7),64,2022/11/18 18:10:22
19,(-4.0, 1.5, -6.9),65,2022/11/18 18:10:32
18,(0.0, 1.5, -8.0),66,2022/11/18 18:10:42
10,(-1.7, 1.5, 1.0),67,2022/11/18 18:10:52
13,(4.0, 1.5, 6.9),68,2022/11/18 18:11:02
21,(-8.0, 1.5, 0.0),69,2022/11/18 18:11:12
6,(0.0, 1.5, -2.0),70,2022/11/18 18:11:22
0,(0.0, 1.5, 2.0),71,2022/11/18 18:11:32
11,(-1.0, 1.5, 1.7),72,2022/11/18 18:11:42
17,(4.0, 1.5, -6.9),73,2022/11/18 18:11:52
10,(-1.7, 1.5, 1.0),74,2022/11/18 18:12:02
23,(-4.0, 1.5, 6.9),75,2022/11/18 18:12:12
9,(-2.0, 1.5, 0.0),76,2022/11/18 18:12:22
17,(4.0, 1.5, -6.9),77,2022/11/18 18:12:32
5,(1.0, 1.5, -1.7),78,2022/11/18 18:12:42
21,(-8.0, 1.5, 0.0),79,2022/11/18 18:12:52
0,(0.0, 1.5, 2.0),80,2022/11/18 18:13:02
8,(-1.7, 1.5, -1.0),81,2022/11/18 18:13:12
13,(4.0, 1.5, 6.9),82,2022/11/18 18:13:22
21,(-8.0, 1.5, 0.0),83,2022/11/18 18:13:32
16,(6.9, 1.5, -4.0),84,2022/11/18 18:13:42
2,(1.7, 1.5, 1.0),85,2022/11/18 18:13:52
2,(1.7, 1.5, 1.0),86,2022/11/18 18:14:02
4,(1.7, 1.5, -1.0),87,2022/11/18 18:14:12
3,(2.0, 1.5, 0.0),88,2022/11/18 18:14:22
17,(4.0, 1.5, -6.9),89,2022/11/18 18:14:32
18,(0.0, 1.5, -8.0),90,2022/11/18 18:14:42
11,(-1.0, 1.5, 1.7),91,2022/11/18 18:14:52
23,(-4.0, 1.5, 6.9),92,2022/11/18 18:15:02
1,(1.0, 1.5, 1.7),93,2022/11/18 18:15:12
13,(4.0, 1.5, 6.9),94,2022/11/18 18:15:22
12,(0.0, 1.5, 8.0),95,2022/11/18 18:15:32
7,(-1.0, 1.5, -1.7),96,2022/11/18 18:15:42
23,(-4.0, 1.5, 6.9),97,2022/11/18 18:15:52
17,(4.0, 1.5, -6.9),98,2022/11/18 18:16:02
7,(-1.0, 1.5, -1.7),99,2022/11/18 18:16:12
18,(0.0, 1.5, -8.0),100,2022/11/18 18:16:22
10,(-1.7, 1.5, 1.0),101,2022/11/18 18:16:32
1,(1.0, 1.5, 1.7),102,2022/11/18 18:16:42
3,(2.0, 1.5, 0.0),103,2022/11/18 18:16:52
3,(2.0, 1.5, 0.0),104,2022/11/18 18:17:02
14,(6.9, 1.5, 4.0),105,2022/11/18 18:17:12
23,(-4.0, 1.5, 6.9),106,2022/11/18 18:17:22
23,(-4.0, 1.5, 6.9),107,2022/11/18 18:17:32
12,(0.0, 1.5, 8.0),108,2022/11/18 18:17:42
0,(0.0, 1.5, 2.0),109,2022/11/18 18:17:52
12,(0.0, 1.5, 8.0),110,2022/11/18 18:18:02
14,(6.9, 1.5, 4.0),111,2022/11/18 18:18:12
15,(8.0, 1.5, 0.0),112,2022/11/18 18:18:22
14,(6.9, 1.5, 4.0),113,2022/11/18 18:18:32
14,(6.9, 1.5, 4.0),114,2022/11/18 18:18:42
2,(1.7, 1.5, 1.0),115,2022/11/18 18:18:52
2,(1.7, 1.5, 1.0),116,2022/11/18 18:19:02
15,(8.0, 1.5, 0.0),117,2022/11/18 18:19:12
14,(6.9, 1.5, 4.0),118,2022/11/18 18:19:22
15,(8.0, 1.5, 0.0),119,2022/11/18 18:19:32
