1,(1.7,1.5, 1.7),0,2022/10/27 14:51
10,(5.0,1.5, 0.0),1,2022/10/27 14:51
12,(0.0,1.5, -5.0),2,2022/10/27 14:51
1,(1.7,1.5, 1.7),3,2022/10/27 14:51
19,(5.6,1.5, -5.6),4,2022/10/27 14:52
21,(-5.6,1.5, -5.6),5,2022/10/27 14:52
14,(-5.0,1.5, 0.0),6,2022/10/27 14:52
0,(0.0,1.5, 2.5),7,2022/10/27 14:52
21,(-5.6,1.5, -5.6),8,2022/10/27 14:52
23,(-5.6,1.5, 5.6),9,2022/10/27 14:52
9,(3.5,1.5, 3.5),10,2022/10/27 14:53
10,(5.0,1.5, 0.0),11,2022/10/27 14:53
12,(0.0,1.5, -5.0),12,2022/10/27 14:53
14,(-5.0,1.5, 0.0),13,2022/10/27 14:53
19,(5.6,1.5, -5.6),14,2022/10/27 14:53
21,(-5.6,1.5, -5.6),15,2022/10/27 14:53
6,(-2.5,1.5, 0.0),16,2022/10/27 14:54
8,(0.0,1.5, 5.0),17,2022/10/27 14:54
18,(8.0,1.5, 0.0),18,2022/10/27 14:54
7,(-1.7,1.5, 1.7),19,2022/10/27 14:54
9,(3.5,1.5, 3.5),20,2022/10/27 14:54
18,(8.0,1.5, 0.0),21,2022/10/27 14:54
20,(0.0,1.5, -8.0),22,2022/10/27 14:55
6,(-2.5,1.5, 0.0),23,2022/10/27 14:55
3,(1.7,1.5, -1.7),24,2022/10/27 14:55
20,(0.0,1.5, -8.0),25,2022/10/27 14:55
14,(-5.0,1.5, 0.0),26,2022/10/27 14:55
17,(5.6,1.5, 5.6),27,2022/10/27 14:55
3,(1.7,1.5, -1.7),28,2022/10/27 14:56
6,(-2.5,1.5, 0.0),29,2022/10/27 14:56
0,(0.0,1.5, 2.5),30,2022/10/27 14:56
10,(5.0,1.5, 0.0),31,2022/10/27 14:56
13,(-3.5,1.5, -3.5),32,2022/10/27 14:56
15,(-3.5,1.5, 3.5),33,2022/10/27 14:56
10,(5.0,1.5, 0.0),34,2022/10/27 14:57
4,(0.0,1.5, -2.5),35,2022/10/27 14:57
22,(-8.0,1.5, 0.0),36,2022/10/27 14:57
17,(5.6,1.5, 5.6),37,2022/10/27 14:57
19,(5.6,1.5, -5.6),38,2022/10/27 14:57
13,(-3.5,1.5, -3.5),39,2022/10/27 14:57
16,(0.0,1.5, 8.0),40,2022/10/27 14:58
2,(2.5,1.5, 0.0),41,2022/10/27 14:58
21,(-5.6,1.5, -5.6),42,2022/10/27 14:58
15,(-3.5,1.5, 3.5),43,2022/10/27 14:58
17,(5.6,1.5, 5.6),44,2022/10/27 14:58
12,(0.0,1.5, -5.0),45,2022/10/27 14:58
6,(-2.5,1.5, 0.0),46,2022/10/27 14:59
1,(1.7,1.5, 1.7),47,2022/10/27 14:59
19,(5.6,1.5, -5.6),48,2022/10/27 14:59
5,(-1.7,1.5, -1.7),49,2022/10/27 14:59
3,(1.7,1.5, -1.7),50,2022/10/27 14:59
17,(5.6,1.5, 5.6),51,2022/10/27 14:59
7,(-1.7,1.5, 1.7),52,2022/10/27 15:00
20,(0.0,1.5, -8.0),53,2022/10/27 15:00
18,(8.0,1.5, 0.0),54,2022/10/27 15:00
15,(-3.5,1.5, 3.5),55,2022/10/27 15:00
12,(0.0,1.5, -5.0),56,2022/10/27 15:00
2,(2.5,1.5, 0.0),57,2022/10/27 15:01
16,(0.0,1.5, 8.0),58,2022/10/27 15:01
17,(5.6,1.5, 5.6),59,2022/10/27 15:01
23,(-5.6,1.5, 5.6),60,2022/10/27 15:01
12,(0.0,1.5, -5.0),61,2022/10/27 15:01
10,(5.0,1.5, 0.0),62,2022/10/27 15:01
16,(0.0,1.5, 8.0),63,2022/10/27 15:02
1,(1.7,1.5, 1.7),64,2022/10/27 15:02
23,(-5.6,1.5, 5.6),65,2022/10/27 15:02
21,(-5.6,1.5, -5.6),66,2022/10/27 15:02
18,(8.0,1.5, 0.0),67,2022/10/27 15:02
16,(0.0,1.5, 8.0),68,2022/10/27 15:02
9,(3.5,1.5, 3.5),69,2022/10/27 15:03
23,(-5.6,1.5, 5.6),70,2022/10/27 15:03
13,(-3.5,1.5, -3.5),71,2022/10/27 15:03
18,(8.0,1.5, 0.0),72,2022/10/27 15:03
0,(0.0,1.5, 2.5),73,2022/10/27 15:03
17,(5.6,1.5, 5.6),74,2022/10/27 15:03
7,(-1.7,1.5, 1.7),75,2022/10/27 15:04
4,(0.0,1.5, -2.5),76,2022/10/27 15:04
11,(3.5,1.5, -3.5),77,2022/10/27 15:04
1,(1.7,1.5, 1.7),78,2022/10/27 15:04
7,(-1.7,1.5, 1.7),79,2022/10/27 15:04
14,(-5.0,1.5, 0.0),80,2022/10/27 15:04
12,(0.0,1.5, -5.0),81,2022/10/27 15:05
19,(5.6,1.5, -5.6),82,2022/10/27 15:05
9,(3.5,1.5, 3.5),83,2022/10/27 15:05
23,(-5.6,1.5, 5.6),84,2022/10/27 15:05
22,(-8.0,1.5, 0.0),85,2022/10/27 15:05
20,(0.0,1.5, -8.0),86,2022/10/27 15:05
3,(1.7,1.5, -1.7),87,2022/10/27 15:06
1,(1.7,1.5, 1.7),88,2022/10/27 15:06
23,(-5.6,1.5, 5.6),89,2022/10/27 15:06
7,(-1.7,1.5, 1.7),90,2022/10/27 15:06
6,(-2.5,1.5, 0.0),91,2022/10/27 15:08
19,(5.6,1.5, -5.6),92,2022/10/27 15:08
13,(-3.5,1.5, -3.5),93,2022/10/27 15:08
6,(-2.5,1.5, 0.0),94,2022/10/27 15:08
0,(0.0,1.5, 2.5),95,2022/10/27 15:08
2,(2.5,1.5, 0.0),96,2022/10/27 15:09
3,(1.7,1.5, -1.7),97,2022/10/27 15:09
21,(-5.6,1.5, -5.6),98,2022/10/27 15:09
22,(-8.0,1.5, 0.0),99,2022/10/27 15:09
0,(0.0,1.5, 2.5),100,2022/10/27 15:09
2,(2.5,1.5, 0.0),101,2022/10/27 15:09
3,(1.7,1.5, -1.7),102,2022/10/27 15:10
21,(-5.6,1.5, -5.6),103,2022/10/27 15:10
6,(-2.5,1.5, 0.0),104,2022/10/27 15:10
0,(0.0,1.5, 2.5),105,2022/10/27 15:10
2,(2.5,1.5, 0.0),106,2022/10/27 15:10
3,(1.7,1.5, -1.7),107,2022/10/27 15:10
5,(-1.7,1.5, -1.7),108,2022/10/27 15:11
7,(-1.7,1.5, 1.7),109,2022/10/27 15:11
0,(0.0,1.5, 2.5),110,2022/10/27 15:11
18,(8.0,1.5, 0.0),111,2022/10/27 15:11
11,(3.5,1.5, -3.5),112,2022/10/27 15:11
13,(-3.5,1.5, -3.5),113,2022/10/27 15:11
7,(-1.7,1.5, 1.7),114,2022/10/27 15:12
8,(0.0,1.5, 5.0),115,2022/10/27 15:12
18,(8.0,1.5, 0.0),116,2022/10/27 15:12
11,(3.5,1.5, -3.5),117,2022/10/27 15:12
4,(0.0,1.5, -2.5),118,2022/10/27 15:12
6,(-2.5,1.5, 0.0),119,2022/10/27 15:12
1,(1.7,1.5, 1.7),120,2022/10/27 15:13
19,(5.6,1.5, -5.6),121,2022/10/27 15:13
21,(-5.6,1.5, -5.6),122,2022/10/27 15:13
20,(0.0,1.5, -8.0),123,2022/10/27 15:13
14,(-5.0,1.5, 0.0),124,2022/10/27 15:13
17,(5.6,1.5, 5.6),125,2022/10/27 15:13
19,(5.6,1.5, -5.6),126,2022/10/27 15:14
5,(-1.7,1.5, -1.7),127,2022/10/27 15:14
4,(0.0,1.5, -2.5),128,2022/10/27 15:14
6,(-2.5,1.5, 0.0),129,2022/10/27 15:14
9,(3.5,1.5, 3.5),130,2022/10/27 15:14
19,(5.6,1.5, -5.6),131,2022/10/27 15:14
21,(-5.6,1.5, -5.6),132,2022/10/27 15:15
12,(0.0,1.5, -5.0),133,2022/10/27 15:15
22,(-8.0,1.5, 0.0),134,2022/10/27 15:15
16,(0.0,1.5, 8.0),135,2022/10/27 15:15
11,(3.5,1.5, -3.5),136,2022/10/27 15:15
5,(-1.7,1.5, -1.7),137,2022/10/27 15:15
20,(0.0,1.5, -8.0),138,2022/10/27 15:16
6,(-2.5,1.5, 0.0),139,2022/10/27 15:16
16,(0.0,1.5, 8.0),140,2022/10/27 15:16
14,(-5.0,1.5, 0.0),141,2022/10/27 15:16
10,(5.0,1.5, 0.0),142,2022/10/27 15:16
23,(-5.6,1.5, 5.6),143,2022/10/27 15:16
10,(5.0,1.5, 0.0),144,2022/10/27 15:17
16,(0.0,1.5, 8.0),145,2022/10/27 15:17
2,(2.5,1.5, 0.0),146,2022/10/27 15:17
17,(5.6,1.5, 5.6),147,2022/10/27 15:17
21,(-5.6,1.5, -5.6),148,2022/10/27 15:17
4,(0.0,1.5, -2.5),149,2022/10/27 15:17
7,(-1.7,1.5, 1.7),150,2022/10/27 15:18
7,(-1.7,1.5, 1.7),151,2022/10/27 15:18
1,(1.7,1.5, 1.7),152,2022/10/27 15:18
12,(0.0,1.5, -5.0),153,2022/10/27 15:18
14,(-5.0,1.5, 0.0),154,2022/10/27 15:18
9,(3.5,1.5, 3.5),155,2022/10/27 15:18
4,(0.0,1.5, -2.5),156,2022/10/27 15:19
23,(-5.6,1.5, 5.6),157,2022/10/27 15:19
3,(1.7,1.5, -1.7),158,2022/10/27 15:19
3,(1.7,1.5, -1.7),159,2022/10/27 15:19
22,(-8.0,1.5, 0.0),160,2022/10/27 15:19
9,(3.5,1.5, 3.5),161,2022/10/27 15:19
12,(0.0,1.5, -5.0),162,2022/10/27 15:20
14,(-5.0,1.5, 0.0),163,2022/10/27 15:20
20,(0.0,1.5, -8.0),164,2022/10/27 15:20
22,(-8.0,1.5, 0.0),165,2022/10/27 15:20
22,(-8.0,1.5, 0.0),166,2022/10/27 15:20
2,(2.5,1.5, 0.0),167,2022/10/27 15:20
3,(1.7,1.5, -1.7),168,2022/10/27 15:21
14,(-5.0,1.5, 0.0),169,2022/10/27 15:21
8,(0.0,1.5, 5.0),170,2022/10/27 15:21
19,(5.6,1.5, -5.6),171,2022/10/27 15:21
17,(5.6,1.5, 5.6),172,2022/10/27 15:21
8,(0.0,1.5, 5.0),173,2022/10/27 15:21
14,(-5.0,1.5, 0.0),174,2022/10/27 15:22
13,(-3.5,1.5, -3.5),175,2022/10/27 15:22
18,(8.0,1.5, 0.0),176,2022/10/27 15:22
0,(0.0,1.5, 2.5),177,2022/10/27 15:22
0,(0.0,1.5, 2.5),178,2022/10/27 15:22
12,(0.0,1.5, -5.0),179,2022/10/27 15:22
13,(-3.5,1.5, -3.5),180,2022/10/27 15:23
5,(-1.7,1.5, -1.7),181,2022/10/27 15:26
4,(0.0,1.5, -2.5),182,2022/10/27 15:26
17,(5.6,1.5, 5.6),183,2022/10/27 15:26
18,(8.0,1.5, 0.0),184,2022/10/27 15:26
2,(2.5,1.5, 0.0),185,2022/10/27 15:27
9,(3.5,1.5, 3.5),186,2022/10/27 15:27
4,(0.0,1.5, -2.5),187,2022/10/27 15:27
7,(-1.7,1.5, 1.7),188,2022/10/27 15:27
10,(5.0,1.5, 0.0),189,2022/10/27 15:27
0,(0.0,1.5, 2.5),190,2022/10/27 15:27
2,(2.5,1.5, 0.0),191,2022/10/27 15:28
2,(2.5,1.5, 0.0),192,2022/10/27 15:28
13,(-3.5,1.5, -3.5),193,2022/10/27 15:28
20,(0.0,1.5, -8.0),194,2022/10/27 15:28
5,(-1.7,1.5, -1.7),195,2022/10/27 15:28
11,(3.5,1.5, -3.5),196,2022/10/27 15:28
5,(-1.7,1.5, -1.7),197,2022/10/27 15:29
8,(0.0,1.5, 5.0),198,2022/10/27 15:29
16,(0.0,1.5, 8.0),199,2022/10/27 15:29
18,(8.0,1.5, 0.0),200,2022/10/27 15:29
15,(-3.5,1.5, 3.5),201,2022/10/27 15:29
23,(-5.6,1.5, 5.6),202,2022/10/27 15:29
10,(5.0,1.5, 0.0),203,2022/10/27 15:30
9,(3.5,1.5, 3.5),204,2022/10/27 15:30
13,(-3.5,1.5, -3.5),205,2022/10/27 15:30
1,(1.7,1.5, 1.7),206,2022/10/27 15:30
23,(-5.6,1.5, 5.6),207,2022/10/27 15:30
15,(-3.5,1.5, 3.5),208,2022/10/27 15:30
5,(-1.7,1.5, -1.7),209,2022/10/27 15:31
9,(3.5,1.5, 3.5),210,2022/10/27 15:31
5,(-1.7,1.5, -1.7),211,2022/10/27 15:31
1,(1.7,1.5, 1.7),212,2022/10/27 15:31
11,(3.5,1.5, -3.5),213,2022/10/27 15:31
15,(-3.5,1.5, 3.5),214,2022/10/27 15:31
11,(3.5,1.5, -3.5),215,2022/10/27 15:32
16,(0.0,1.5, 8.0),216,2022/10/27 15:32
10,(5.0,1.5, 0.0),217,2022/10/27 15:32
5,(-1.7,1.5, -1.7),218,2022/10/27 15:32
20,(0.0,1.5, -8.0),219,2022/10/27 15:32
4,(0.0,1.5, -2.5),220,2022/10/27 15:32
13,(-3.5,1.5, -3.5),221,2022/10/27 15:33
16,(0.0,1.5, 8.0),222,2022/10/27 15:33
22,(-8.0,1.5, 0.0),223,2022/10/27 15:33
11,(3.5,1.5, -3.5),224,2022/10/27 15:33
4,(0.0,1.5, -2.5),225,2022/10/27 15:33
11,(3.5,1.5, -3.5),226,2022/10/27 15:33
15,(-3.5,1.5, 3.5),227,2022/10/27 15:34
11,(3.5,1.5, -3.5),228,2022/10/27 15:34
15,(-3.5,1.5, 3.5),229,2022/10/27 15:34
22,(-8.0,1.5, 0.0),230,2022/10/27 15:34
8,(0.0,1.5, 5.0),231,2022/10/27 15:34
20,(0.0,1.5, -8.0),232,2022/10/27 15:34
22,(-8.0,1.5, 0.0),233,2022/10/27 15:35
15,(-3.5,1.5, 3.5),234,2022/10/27 15:35
15,(-3.5,1.5, 3.5),235,2022/10/27 15:35
8,(0.0,1.5, 5.0),236,2022/10/27 15:35
8,(0.0,1.5, 5.0),237,2022/10/27 15:35
8,(0.0,1.5, 5.0),238,2022/10/27 15:35
8,(0.0,1.5, 5.0),239,2022/10/27 15:36
