22,(-6.9, 1.5, 4.0),0,2022/11/17 15:58:02
10,(-1.7, 1.5, 1.0),1,2022/11/17 15:58:03
10,(-1.7, 1.5, 1.0),2,2022/11/17 15:58:03
10,(-1.7, 1.5, 1.0),3,2022/11/17 15:58:03
10,(-1.7, 1.5, 1.0),4,2022/11/17 15:58:03
10,(-1.7, 1.5, 1.0),5,2022/11/17 15:58:03
5,(1.0, 1.5, -1.7),6,2022/11/17 15:58:03
5,(1.0, 1.5, -1.7),7,2022/11/17 15:58:03
5,(1.0, 1.5, -1.7),8,2022/11/17 15:58:03
5,(1.0, 1.5, -1.7),9,2022/11/17 15:58:03
5,(1.0, 1.5, -1.7),10,2022/11/17 15:58:04
15,(8.0, 1.5, 0.0),11,2022/11/17 15:58:04
15,(8.0, 1.5, 0.0),12,2022/11/17 15:58:04
15,(8.0, 1.5, 0.0),13,2022/11/17 15:58:04
15,(8.0, 1.5, 0.0),14,2022/11/17 15:58:04
15,(8.0, 1.5, 0.0),15,2022/11/17 15:58:04
4,(1.7, 1.5, -1.0),16,2022/11/17 15:58:04
4,(1.7, 1.5, -1.0),17,2022/11/17 15:58:04
4,(1.7, 1.5, -1.0),18,2022/11/17 15:58:04
4,(1.7, 1.5, -1.0),19,2022/11/17 15:58:04
4,(1.7, 1.5, -1.0),20,2022/11/17 15:58:05
20,(-6.9, 1.5, -4.0),21,2022/11/17 15:58:05
20,(-6.9, 1.5, -4.0),22,2022/11/17 15:58:05
20,(-6.9, 1.5, -4.0),23,2022/11/17 15:58:05
20,(-6.9, 1.5, -4.0),24,2022/11/17 15:58:05
20,(-6.9, 1.5, -4.0),25,2022/11/17 15:58:05
9,(-2.0, 1.5, 0.0),26,2022/11/17 15:58:05
9,(-2.0, 1.5, 0.0),27,2022/11/17 15:58:05
9,(-2.0, 1.5, 0.0),28,2022/11/17 15:58:05
9,(-2.0, 1.5, 0.0),29,2022/11/17 15:58:06
21,(-8.0, 1.5, 0.0),30,2022/11/17 15:58:06
21,(-8.0, 1.5, 0.0),31,2022/11/17 15:58:06
21,(-8.0, 1.5, 0.0),32,2022/11/17 15:58:06
21,(-8.0, 1.5, 0.0),33,2022/11/17 15:58:06
21,(-8.0, 1.5, 0.0),34,2022/11/17 15:58:06
0,(0.0, 1.5, 2.0),35,2022/11/17 15:58:06
0,(0.0, 1.5, 2.0),36,2022/11/17 15:58:06
0,(0.0, 1.5, 2.0),37,2022/11/17 15:58:06
0,(0.0, 1.5, 2.0),38,2022/11/17 15:58:06
0,(0.0, 1.5, 2.0),39,2022/11/17 15:58:07
14,(6.9, 1.5, 4.0),40,2022/11/17 15:58:07
14,(6.9, 1.5, 4.0),41,2022/11/17 15:58:07
14,(6.9, 1.5, 4.0),42,2022/11/17 15:58:07
14,(6.9, 1.5, 4.0),43,2022/11/17 15:58:07
14,(6.9, 1.5, 4.0),44,2022/11/17 15:58:07
11,(-1.0, 1.5, 1.7),45,2022/11/17 15:58:07
11,(-1.0, 1.5, 1.7),46,2022/11/17 15:58:07
11,(-1.0, 1.5, 1.7),47,2022/11/17 15:58:07
11,(-1.0, 1.5, 1.7),48,2022/11/17 15:58:07
16,(6.9, 1.5, -4.0),49,2022/11/17 15:58:08
16,(6.9, 1.5, -4.0),50,2022/11/17 15:58:08
16,(6.9, 1.5, -4.0),51,2022/11/17 15:58:08
16,(6.9, 1.5, -4.0),52,2022/11/17 15:58:08
16,(6.9, 1.5, -4.0),53,2022/11/17 15:58:08
2,(1.7, 1.5, 1.0),54,2022/11/17 15:58:08
2,(1.7, 1.5, 1.0),55,2022/11/17 15:58:08
2,(1.7, 1.5, 1.0),56,2022/11/17 15:58:08
2,(1.7, 1.5, 1.0),57,2022/11/17 15:58:08
2,(1.7, 1.5, 1.0),58,2022/11/17 15:58:09
13,(4.0, 1.5, 6.9),59,2022/11/17 15:58:09
13,(4.0, 1.5, 6.9),60,2022/11/17 15:58:09
13,(4.0, 1.5, 6.9),61,2022/11/17 15:58:09
13,(4.0, 1.5, 6.9),62,2022/11/17 15:58:09
13,(4.0, 1.5, 6.9),63,2022/11/17 15:58:09
11,(-1.0, 1.5, 1.7),64,2022/11/17 15:58:09
6,(0.0, 1.5, -2.0),65,2022/11/17 15:58:09
6,(0.0, 1.5, -2.0),66,2022/11/17 15:58:09
6,(0.0, 1.5, -2.0),67,2022/11/17 15:58:09
6,(0.0, 1.5, -2.0),68,2022/11/17 15:58:10
19,(-4.0, 1.5, -6.9),69,2022/11/17 15:58:10
19,(-4.0, 1.5, -6.9),70,2022/11/17 15:58:10
19,(-4.0, 1.5, -6.9),71,2022/11/17 15:58:10
19,(-4.0, 1.5, -6.9),72,2022/11/17 15:58:10
19,(-4.0, 1.5, -6.9),73,2022/11/17 15:58:10
8,(-1.7, 1.5, -1.0),74,2022/11/17 15:58:10
8,(-1.7, 1.5, -1.0),75,2022/11/17 15:58:10
8,(-1.7, 1.5, -1.0),76,2022/11/17 15:58:10
8,(-1.7, 1.5, -1.0),77,2022/11/17 15:58:11
6,(0.0, 1.5, -2.0),78,2022/11/17 15:58:11
9,(-2.0, 1.5, 0.0),79,2022/11/17 15:58:11
8,(-1.7, 1.5, -1.0),80,2022/11/17 15:58:11
1,(1.0, 1.5, 1.7),81,2022/11/17 15:58:11
1,(1.0, 1.5, 1.7),82,2022/11/17 15:58:11
1,(1.0, 1.5, 1.7),83,2022/11/17 15:58:11
1,(1.0, 1.5, 1.7),84,2022/11/17 15:58:11
1,(1.0, 1.5, 1.7),85,2022/11/17 15:58:11
22,(-6.9, 1.5, 4.0),86,2022/11/17 15:58:11
22,(-6.9, 1.5, 4.0),87,2022/11/17 15:58:12
7,(-1.0, 1.5, -1.7),88,2022/11/17 15:58:12
7,(-1.0, 1.5, -1.7),89,2022/11/17 15:58:12
7,(-1.0, 1.5, -1.7),90,2022/11/17 15:58:12
7,(-1.0, 1.5, -1.7),91,2022/11/17 15:58:12
7,(-1.0, 1.5, -1.7),92,2022/11/17 15:58:12
17,(4.0, 1.5, -6.9),93,2022/11/17 15:58:12
17,(4.0, 1.5, -6.9),94,2022/11/17 15:58:12
17,(4.0, 1.5, -6.9),95,2022/11/17 15:58:12
17,(4.0, 1.5, -6.9),96,2022/11/17 15:58:13
23,(-4.0, 1.5, 6.9),97,2022/11/17 15:58:13
23,(-4.0, 1.5, 6.9),98,2022/11/17 15:58:13
23,(-4.0, 1.5, 6.9),99,2022/11/17 15:58:13
23,(-4.0, 1.5, 6.9),100,2022/11/17 15:58:13
23,(-4.0, 1.5, 6.9),101,2022/11/17 15:58:13
12,(0.0, 1.5, 8.0),102,2022/11/17 15:58:13
12,(0.0, 1.5, 8.0),103,2022/11/17 15:58:13
12,(0.0, 1.5, 8.0),104,2022/11/17 15:58:13
12,(0.0, 1.5, 8.0),105,2022/11/17 15:58:13
12,(0.0, 1.5, 8.0),106,2022/11/17 15:58:14
18,(0.0, 1.5, -8.0),107,2022/11/17 15:58:14
18,(0.0, 1.5, -8.0),108,2022/11/17 15:58:14
18,(0.0, 1.5, -8.0),109,2022/11/17 15:58:14
18,(0.0, 1.5, -8.0),110,2022/11/17 15:58:14
18,(0.0, 1.5, -8.0),111,2022/11/17 15:58:14
3,(2.0, 1.5, 0.0),112,2022/11/17 15:58:14
3,(2.0, 1.5, 0.0),113,2022/11/17 15:58:14
3,(2.0, 1.5, 0.0),114,2022/11/17 15:58:14
3,(2.0, 1.5, 0.0),115,2022/11/17 15:58:15
22,(-6.9, 1.5, 4.0),116,2022/11/17 15:58:15
22,(-6.9, 1.5, 4.0),117,2022/11/17 15:58:15
3,(2.0, 1.5, 0.0),118,2022/11/17 15:58:15
17,(4.0, 1.5, -6.9),119,2022/11/17 15:58:15
