13,(-3.5,1.5, -3.5),0,2022/10/27 16:45
6,(-2.5,1.5, 0.0),1,2022/10/27 16:45
16,(0.0,1.5, 8.0),2,2022/10/27 16:45
2,(2.5,1.5, 0.0),3,2022/10/27 16:45
19,(5.6,1.5, -5.6),4,2022/10/27 16:45
5,(-1.7,1.5, -1.7),5,2022/10/27 16:45
15,(-3.5,1.5, 3.5),6,2022/10/27 16:46
8,(0.0,1.5, 5.0),7,2022/10/27 16:46
2,(2.5,1.5, 0.0),8,2022/10/27 16:46
11,(3.5,1.5, -3.5),9,2022/10/27 16:46
13,(-3.5,1.5, -3.5),10,2022/10/27 16:46
7,(-1.7,1.5, 1.7),11,2022/10/27 16:46
16,(0.0,1.5, 8.0),12,2022/10/27 16:47
18,(8.0,1.5, 0.0),13,2022/10/27 16:47
19,(5.6,1.5, -5.6),14,2022/10/27 16:47
21,(-5.6,1.5, -5.6),15,2022/10/27 16:47
15,(-3.5,1.5, 3.5),16,2022/10/27 16:47
8,(0.0,1.5, 5.0),17,2022/10/27 16:47
18,(8.0,1.5, 0.0),18,2022/10/27 16:48
20,(0.0,1.5, -8.0),19,2022/10/27 16:48
21,(-5.6,1.5, -5.6),20,2022/10/27 16:48
15,(-3.5,1.5, 3.5),21,2022/10/27 16:48
8,(0.0,1.5, 5.0),22,2022/10/27 16:48
10,(5.0,1.5, 0.0),23,2022/10/27 16:48
4,(0.0,1.5, -2.5),24,2022/10/27 16:49
5,(-1.7,1.5, -1.7),25,2022/10/27 16:49
22,(-8.0,1.5, 0.0),26,2022/10/27 16:49
17,(5.6,1.5, 5.6),27,2022/10/27 16:49
3,(1.7,1.5, -1.7),28,2022/10/27 16:49
13,(-3.5,1.5, -3.5),29,2022/10/27 16:49
4,(0.0,1.5, -2.5),30,2022/10/27 16:50
14,(-5.0,1.5, 0.0),31,2022/10/27 16:50
0,(0.0,1.5, 2.5),32,2022/10/27 16:50
3,(1.7,1.5, -1.7),33,2022/10/27 16:50
21,(-5.6,1.5, -5.6),34,2022/10/27 16:50
20,(0.0,1.5, -8.0),35,2022/10/27 16:50
22,(-8.0,1.5, 0.0),36,2022/10/27 16:51
8,(0.0,1.5, 5.0),37,2022/10/27 16:51
11,(3.5,1.5, -3.5),38,2022/10/27 16:51
13,(-3.5,1.5, -3.5),39,2022/10/27 16:51
12,(0.0,1.5, -5.0),40,2022/10/27 16:51
14,(-5.0,1.5, 0.0),41,2022/10/27 16:51
0,(0.0,1.5, 2.5),42,2022/10/27 16:52
19,(5.6,1.5, -5.6),43,2022/10/27 16:52
13,(-3.5,1.5, -3.5),44,2022/10/27 16:52
15,(-3.5,1.5, 3.5),45,2022/10/27 16:52
22,(-8.0,1.5, 0.0),46,2022/10/27 16:52
16,(0.0,1.5, 8.0),47,2022/10/27 16:52
19,(5.6,1.5, -5.6),48,2022/10/27 16:53
21,(-5.6,1.5, -5.6),49,2022/10/27 16:53
23,(-5.6,1.5, 5.6),50,2022/10/27 16:53
13,(-3.5,1.5, -3.5),51,2022/10/27 16:53
3,(1.7,1.5, -1.7),52,2022/10/27 16:53
8,(0.0,1.5, 5.0),53,2022/10/27 16:53
14,(-5.0,1.5, 0.0),54,2022/10/27 16:54
20,(0.0,1.5, -8.0),55,2022/10/27 16:54
13,(-3.5,1.5, -3.5),56,2022/10/27 16:54
10,(5.0,1.5, 0.0),57,2022/10/27 16:54
8,(0.0,1.5, 5.0),58,2022/10/27 16:54
22,(-8.0,1.5, 0.0),59,2022/10/27 16:54
3,(1.7,1.5, -1.7),60,2022/10/27 16:55
13,(-3.5,1.5, -3.5),61,2022/10/27 17:00
4,(0.0,1.5, -2.5),62,2022/10/27 17:00
2,(2.5,1.5, 0.0),63,2022/10/27 17:00
9,(3.5,1.5, 3.5),64,2022/10/27 17:00
15,(-3.5,1.5, 3.5),65,2022/10/27 17:01
21,(-5.6,1.5, -5.6),66,2022/10/27 17:01
4,(0.0,1.5, -2.5),67,2022/10/27 17:01
2,(2.5,1.5, 0.0),68,2022/10/27 17:01
16,(0.0,1.5, 8.0),69,2022/10/27 17:01
23,(-5.6,1.5, 5.6),70,2022/10/27 17:01
18,(8.0,1.5, 0.0),71,2022/10/27 17:02
11,(3.5,1.5, -3.5),72,2022/10/27 17:02
5,(-1.7,1.5, -1.7),73,2022/10/27 17:02
15,(-3.5,1.5, 3.5),74,2022/10/27 17:02
0,(0.0,1.5, 2.5),75,2022/10/27 17:02
2,(2.5,1.5, 0.0),76,2022/10/27 17:02
11,(3.5,1.5, -3.5),77,2022/10/27 17:03
13,(-3.5,1.5, -3.5),78,2022/10/27 17:03
23,(-5.6,1.5, 5.6),79,2022/10/27 17:03
16,(0.0,1.5, 8.0),80,2022/10/27 17:03
2,(2.5,1.5, 0.0),81,2022/10/27 17:03
12,(0.0,1.5, -5.0),82,2022/10/27 17:03
5,(-1.7,1.5, -1.7),83,2022/10/27 17:04
15,(-3.5,1.5, 3.5),84,2022/10/27 17:04
8,(0.0,1.5, 5.0),85,2022/10/27 17:04
10,(5.0,1.5, 0.0),86,2022/10/27 17:04
12,(0.0,1.5, -5.0),87,2022/10/27 17:04
5,(-1.7,1.5, -1.7),88,2022/10/27 17:04
23,(-5.6,1.5, 5.6),89,2022/10/27 17:05
8,(0.0,1.5, 5.0),90,2022/10/27 17:05
10,(5.0,1.5, 0.0),91,2022/10/27 17:05
12,(0.0,1.5, -5.0),92,2022/10/27 17:05
21,(-5.6,1.5, -5.6),93,2022/10/27 17:05
23,(-5.6,1.5, 5.6),94,2022/10/27 17:05
17,(5.6,1.5, 5.6),95,2022/10/27 17:06
18,(8.0,1.5, 0.0),96,2022/10/27 17:06
5,(-1.7,1.5, -1.7),97,2022/10/27 17:06
4,(0.0,1.5, -2.5),98,2022/10/27 17:06
14,(-5.0,1.5, 0.0),99,2022/10/27 17:06
8,(0.0,1.5, 5.0),100,2022/10/27 17:06
19,(5.6,1.5, -5.6),101,2022/10/27 17:07
13,(-3.5,1.5, -3.5),102,2022/10/27 17:07
5,(-1.7,1.5, -1.7),103,2022/10/27 17:07
4,(0.0,1.5, -2.5),104,2022/10/27 17:07
16,(0.0,1.5, 8.0),105,2022/10/27 17:07
18,(8.0,1.5, 0.0),106,2022/10/27 17:07
8,(0.0,1.5, 5.0),107,2022/10/27 17:08
19,(5.6,1.5, -5.6),108,2022/10/27 17:08
18,(8.0,1.5, 0.0),109,2022/10/27 17:08
0,(0.0,1.5, 2.5),110,2022/10/27 17:08
19,(5.6,1.5, -5.6),111,2022/10/27 17:08
1,(1.7,1.5, 1.7),112,2022/10/27 17:08
15,(-3.5,1.5, 3.5),113,2022/10/27 17:09
6,(-2.5,1.5, 0.0),114,2022/10/27 17:09
18,(8.0,1.5, 0.0),115,2022/10/27 17:09
21,(-5.6,1.5, -5.6),116,2022/10/27 17:09
1,(1.7,1.5, 1.7),117,2022/10/27 17:09
15,(-3.5,1.5, 3.5),118,2022/10/27 17:09
18,(8.0,1.5, 0.0),119,2022/10/27 17:10
20,(0.0,1.5, -8.0),120,2022/10/27 17:10
2,(2.5,1.5, 0.0),121,2022/10/27 17:10
9,(3.5,1.5, 3.5),122,2022/10/27 17:10
0,(0.0,1.5, 2.5),123,2022/10/27 17:10
3,(1.7,1.5, -1.7),124,2022/10/27 17:10
23,(-5.6,1.5, 5.6),125,2022/10/27 17:11
10,(5.0,1.5, 0.0),126,2022/10/27 17:11
4,(0.0,1.5, -2.5),127,2022/10/27 17:11
4,(0.0,1.5, -2.5),128,2022/10/27 17:11
5,(-1.7,1.5, -1.7),129,2022/10/27 17:11
17,(5.6,1.5, 5.6),130,2022/10/27 17:11
1,(1.7,1.5, 1.7),131,2022/10/27 17:12
0,(0.0,1.5, 2.5),132,2022/10/27 17:12
4,(0.0,1.5, -2.5),133,2022/10/27 17:12
9,(3.5,1.5, 3.5),134,2022/10/27 17:12
7,(-1.7,1.5, 1.7),135,2022/10/27 17:12
1,(1.7,1.5, 1.7),136,2022/10/27 17:12
22,(-8.0,1.5, 0.0),137,2022/10/27 17:13
6,(-2.5,1.5, 0.0),138,2022/10/27 17:13
18,(8.0,1.5, 0.0),139,2022/10/27 17:13
12,(0.0,1.5, -5.0),140,2022/10/27 17:13
21,(-5.6,1.5, -5.6),141,2022/10/27 17:13
6,(-2.5,1.5, 0.0),142,2022/10/27 17:13
18,(8.0,1.5, 0.0),143,2022/10/27 17:14
17,(5.6,1.5, 5.6),144,2022/10/27 17:14
5,(-1.7,1.5, -1.7),145,2022/10/27 17:14
22,(-8.0,1.5, 0.0),146,2022/10/27 17:14
12,(0.0,1.5, -5.0),147,2022/10/27 17:14
7,(-1.7,1.5, 1.7),148,2022/10/27 17:14
11,(3.5,1.5, -3.5),149,2022/10/27 17:15
22,(-8.0,1.5, 0.0),150,2022/10/27 17:15
5,(-1.7,1.5, -1.7),151,2022/10/27 17:15
17,(5.6,1.5, 5.6),152,2022/10/27 17:15
11,(3.5,1.5, -3.5),153,2022/10/27 17:15
3,(1.7,1.5, -1.7),154,2022/10/27 17:15
12,(0.0,1.5, -5.0),155,2022/10/27 17:16
15,(-3.5,1.5, 3.5),156,2022/10/27 17:16
23,(-5.6,1.5, 5.6),157,2022/10/27 17:16
22,(-8.0,1.5, 0.0),158,2022/10/27 17:16
12,(0.0,1.5, -5.0),159,2022/10/27 17:16
1,(1.7,1.5, 1.7),160,2022/10/27 17:16
3,(1.7,1.5, -1.7),161,2022/10/27 17:17
12,(0.0,1.5, -5.0),162,2022/10/27 17:17
10,(5.0,1.5, 0.0),163,2022/10/27 17:17
9,(3.5,1.5, 3.5),164,2022/10/27 17:17
10,(5.0,1.5, 0.0),165,2022/10/27 17:17
1,(1.7,1.5, 1.7),166,2022/10/27 17:17
21,(-5.6,1.5, -5.6),167,2022/10/27 17:18
2,(2.5,1.5, 0.0),168,2022/10/27 17:18
17,(5.6,1.5, 5.6),169,2022/10/27 17:18
21,(-5.6,1.5, -5.6),170,2022/10/27 17:18
16,(0.0,1.5, 8.0),171,2022/10/27 17:18
6,(-2.5,1.5, 0.0),172,2022/10/27 17:18
0,(0.0,1.5, 2.5),173,2022/10/27 17:19
0,(0.0,1.5, 2.5),174,2022/10/27 17:19
14,(-5.0,1.5, 0.0),175,2022/10/27 17:19
11,(3.5,1.5, -3.5),176,2022/10/27 17:19
4,(0.0,1.5, -2.5),177,2022/10/27 17:19
0,(0.0,1.5, 2.5),178,2022/10/27 17:19
10,(5.0,1.5, 0.0),179,2022/10/27 17:20
6,(-2.5,1.5, 0.0),180,2022/10/27 17:20
10,(5.0,1.5, 0.0),181,2022/10/27 17:25
16,(0.0,1.5, 8.0),182,2022/10/27 17:25
17,(5.6,1.5, 5.6),183,2022/10/27 17:25
10,(5.0,1.5, 0.0),184,2022/10/27 17:25
12,(0.0,1.5, -5.0),185,2022/10/27 17:26
2,(2.5,1.5, 0.0),186,2022/10/27 17:26
9,(3.5,1.5, 3.5),187,2022/10/27 17:26
7,(-1.7,1.5, 1.7),188,2022/10/27 17:26
6,(-2.5,1.5, 0.0),189,2022/10/27 17:26
7,(-1.7,1.5, 1.7),190,2022/10/27 17:26
22,(-8.0,1.5, 0.0),191,2022/10/27 17:27
22,(-8.0,1.5, 0.0),192,2022/10/27 17:27
7,(-1.7,1.5, 1.7),193,2022/10/27 17:27
17,(5.6,1.5, 5.6),194,2022/10/27 17:27
1,(1.7,1.5, 1.7),195,2022/10/27 17:27
11,(3.5,1.5, -3.5),196,2022/10/27 17:27
0,(0.0,1.5, 2.5),197,2022/10/27 17:28
9,(3.5,1.5, 3.5),198,2022/10/27 17:28
19,(5.6,1.5, -5.6),199,2022/10/27 17:28
11,(3.5,1.5, -3.5),200,2022/10/27 17:28
9,(3.5,1.5, 3.5),201,2022/10/27 17:28
17,(5.6,1.5, 5.6),202,2022/10/27 17:28
16,(0.0,1.5, 8.0),203,2022/10/27 17:29
17,(5.6,1.5, 5.6),204,2022/10/27 17:29
6,(-2.5,1.5, 0.0),205,2022/10/27 17:29
19,(5.6,1.5, -5.6),206,2022/10/27 17:29
20,(0.0,1.5, -8.0),207,2022/10/27 17:29
16,(0.0,1.5, 8.0),208,2022/10/27 17:29
6,(-2.5,1.5, 0.0),209,2022/10/27 17:30
6,(-2.5,1.5, 0.0),210,2022/10/27 17:30
7,(-1.7,1.5, 1.7),211,2022/10/27 17:30
7,(-1.7,1.5, 1.7),212,2022/10/27 17:30
3,(1.7,1.5, -1.7),213,2022/10/27 17:30
9,(3.5,1.5, 3.5),214,2022/10/27 17:30
19,(5.6,1.5, -5.6),215,2022/10/27 17:31
1,(1.7,1.5, 1.7),216,2022/10/27 17:31
11,(3.5,1.5, -3.5),217,2022/10/27 17:31
9,(3.5,1.5, 3.5),218,2022/10/27 17:31
3,(1.7,1.5, -1.7),219,2022/10/27 17:31
7,(-1.7,1.5, 1.7),220,2022/10/27 17:31
1,(1.7,1.5, 1.7),221,2022/10/27 17:32
20,(0.0,1.5, -8.0),222,2022/10/27 17:32
14,(-5.0,1.5, 0.0),223,2022/10/27 17:32
7,(-1.7,1.5, 1.7),224,2022/10/27 17:32
2,(2.5,1.5, 0.0),225,2022/10/27 17:32
9,(3.5,1.5, 3.5),226,2022/10/27 17:32
23,(-5.6,1.5, 5.6),227,2022/10/27 17:33
1,(1.7,1.5, 1.7),228,2022/10/27 17:33
23,(-5.6,1.5, 5.6),229,2022/10/27 17:33
14,(-5.0,1.5, 0.0),230,2022/10/27 17:33
3,(1.7,1.5, -1.7),231,2022/10/27 17:33
14,(-5.0,1.5, 0.0),232,2022/10/27 17:33
20,(0.0,1.5, -8.0),233,2022/10/27 17:34
14,(-5.0,1.5, 0.0),234,2022/10/27 17:34
14,(-5.0,1.5, 0.0),235,2022/10/27 17:34
20,(0.0,1.5, -8.0),236,2022/10/27 17:34
20,(0.0,1.5, -8.0),237,2022/10/27 17:34
20,(0.0,1.5, -8.0),238,2022/10/27 17:34
23,(-5.6,1.5, 5.6),239,2022/10/27 17:35
