0,(0.0,1.5, 2.5),0,2022/10/27 20:19
18,(8.0,1.5, 0.0),1,2022/10/27 20:19
20,(0.0,1.5, -8.0),2,2022/10/27 20:19
17,(5.6,1.5, 5.6),3,2022/10/27 20:19
11,(3.5,1.5, -3.5),4,2022/10/27 20:19
4,(0.0,1.5, -2.5),5,2022/10/27 20:19
6,(-2.5,1.5, 0.0),6,2022/10/27 20:20
16,(0.0,1.5, 8.0),7,2022/10/27 20:20
13,(-3.5,1.5, -3.5),8,2022/10/27 20:20
7,(-1.7,1.5, 1.7),9,2022/10/27 20:20
9,(3.5,1.5, 3.5),10,2022/10/27 20:20
10,(5.0,1.5, 0.0),11,2022/10/27 20:20
20,(0.0,1.5, -8.0),12,2022/10/27 20:21
9,(3.5,1.5, 3.5),13,2022/10/27 20:21
19,(5.6,1.5, -5.6),14,2022/10/27 20:21
5,(-1.7,1.5, -1.7),15,2022/10/27 20:21
6,(-2.5,1.5, 0.0),16,2022/10/27 20:21
16,(0.0,1.5, 8.0),17,2022/10/27 20:21
21,(-5.6,1.5, -5.6),18,2022/10/27 20:22
15,(-3.5,1.5, 3.5),19,2022/10/27 20:22
9,(3.5,1.5, 3.5),20,2022/10/27 20:22
2,(2.5,1.5, 0.0),21,2022/10/27 20:22
20,(0.0,1.5, -8.0),22,2022/10/27 20:22
22,(-8.0,1.5, 0.0),23,2022/10/27 20:22
19,(5.6,1.5, -5.6),24,2022/10/27 20:23
20,(0.0,1.5, -8.0),25,2022/10/27 20:23
15,(-3.5,1.5, 3.5),26,2022/10/27 20:23
1,(1.7,1.5, 1.7),27,2022/10/27 20:23
11,(3.5,1.5, -3.5),28,2022/10/27 20:23
22,(-8.0,1.5, 0.0),29,2022/10/27 20:23
0,(0.0,1.5, 2.5),30,2022/10/27 20:24
19,(5.6,1.5, -5.6),31,2022/10/27 20:24
13,(-3.5,1.5, -3.5),32,2022/10/27 20:24
7,(-1.7,1.5, 1.7),33,2022/10/27 20:24
18,(8.0,1.5, 0.0),34,2022/10/27 20:24
4,(0.0,1.5, -2.5),35,2022/10/27 20:24
6,(-2.5,1.5, 0.0),36,2022/10/27 20:25
17,(5.6,1.5, 5.6),37,2022/10/27 20:25
11,(3.5,1.5, -3.5),38,2022/10/27 20:25
6,(-2.5,1.5, 0.0),39,2022/10/27 20:25
8,(0.0,1.5, 5.0),40,2022/10/27 20:25
18,(8.0,1.5, 0.0),41,2022/10/27 20:25
5,(-1.7,1.5, -1.7),42,2022/10/27 20:26
23,(-5.6,1.5, 5.6),43,2022/10/27 20:26
18,(8.0,1.5, 0.0),44,2022/10/27 20:26
20,(0.0,1.5, -8.0),45,2022/10/27 20:26
14,(-5.0,1.5, 0.0),46,2022/10/27 20:26
1,(1.7,1.5, 1.7),47,2022/10/27 20:26
3,(1.7,1.5, -1.7),48,2022/10/27 20:27
21,(-5.6,1.5, -5.6),49,2022/10/27 20:27
0,(0.0,1.5, 2.5),50,2022/10/27 20:27
1,(1.7,1.5, 1.7),51,2022/10/27 20:27
22,(-8.0,1.5, 0.0),52,2022/10/27 20:27
20,(0.0,1.5, -8.0),53,2022/10/27 20:27
2,(2.5,1.5, 0.0),54,2022/10/27 20:28
23,(-5.6,1.5, 5.6),55,2022/10/27 20:28
21,(-5.6,1.5, -5.6),56,2022/10/27 20:28
10,(5.0,1.5, 0.0),57,2022/10/27 20:28
0,(0.0,1.5, 2.5),58,2022/10/27 20:28
14,(-5.0,1.5, 0.0),59,2022/10/27 20:28
3,(1.7,1.5, -1.7),60,2022/10/27 20:29
9,(3.5,1.5, 3.5),61,2022/10/27 20:29
15,(-3.5,1.5, 3.5),62,2022/10/27 20:29
12,(0.0,1.5, -5.0),63,2022/10/27 20:29
2,(2.5,1.5, 0.0),64,2022/10/27 20:29
7,(-1.7,1.5, 1.7),65,2022/10/27 20:29
5,(-1.7,1.5, -1.7),66,2022/10/27 20:30
3,(1.7,1.5, -1.7),67,2022/10/27 20:35
17,(5.6,1.5, 5.6),68,2022/10/27 20:35
0,(0.0,1.5, 2.5),69,2022/10/27 20:35
14,(-5.0,1.5, 0.0),70,2022/10/27 20:35
4,(0.0,1.5, -2.5),71,2022/10/27 20:35
12,(0.0,1.5, -5.0),72,2022/10/27 20:35
22,(-8.0,1.5, 0.0),73,2022/10/27 20:36
8,(0.0,1.5, 5.0),74,2022/10/27 20:36
1,(1.7,1.5, 1.7),75,2022/10/27 20:36
19,(5.6,1.5, -5.6),76,2022/10/27 20:36
4,(0.0,1.5, -2.5),77,2022/10/27 20:36
22,(-8.0,1.5, 0.0),78,2022/10/27 20:36
0,(0.0,1.5, 2.5),79,2022/10/27 20:37
1,(1.7,1.5, 1.7),80,2022/10/27 20:37
11,(3.5,1.5, -3.5),81,2022/10/27 20:37
12,(0.0,1.5, -5.0),82,2022/10/27 20:37
1,(1.7,1.5, 1.7),83,2022/10/27 20:37
11,(3.5,1.5, -3.5),84,2022/10/27 20:37
21,(-5.6,1.5, -5.6),85,2022/10/27 20:38
6,(-2.5,1.5, 0.0),86,2022/10/27 20:38
0,(0.0,1.5, 2.5),87,2022/10/27 20:38
2,(2.5,1.5, 0.0),88,2022/10/27 20:38
23,(-5.6,1.5, 5.6),89,2022/10/27 20:38
1,(1.7,1.5, 1.7),90,2022/10/27 20:38
2,(2.5,1.5, 0.0),91,2022/10/27 20:39
12,(0.0,1.5, -5.0),92,2022/10/27 20:39
14,(-5.0,1.5, 0.0),93,2022/10/27 20:39
3,(1.7,1.5, -1.7),94,2022/10/27 20:39
21,(-5.6,1.5, -5.6),95,2022/10/27 20:39
14,(-5.0,1.5, 0.0),96,2022/10/27 20:39
0,(0.0,1.5, 2.5),97,2022/10/27 20:40
19,(5.6,1.5, -5.6),98,2022/10/27 20:40
22,(-8.0,1.5, 0.0),99,2022/10/27 20:40
8,(0.0,1.5, 5.0),100,2022/10/27 20:40
2,(2.5,1.5, 0.0),101,2022/10/27 20:40
21,(-5.6,1.5, -5.6),102,2022/10/27 20:40
7,(-1.7,1.5, 1.7),103,2022/10/27 20:41
18,(8.0,1.5, 0.0),104,2022/10/27 20:41
4,(0.0,1.5, -2.5),105,2022/10/27 20:41
6,(-2.5,1.5, 0.0),106,2022/10/27 20:41
17,(5.6,1.5, 5.6),107,2022/10/27 20:41
3,(1.7,1.5, -1.7),108,2022/10/27 20:41
6,(-2.5,1.5, 0.0),109,2022/10/27 20:42
0,(0.0,1.5, 2.5),110,2022/10/27 20:42
18,(8.0,1.5, 0.0),111,2022/10/27 20:42
13,(-3.5,1.5, -3.5),112,2022/10/27 20:42
23,(-5.6,1.5, 5.6),113,2022/10/27 20:42
9,(3.5,1.5, 3.5),114,2022/10/27 20:42
4,(0.0,1.5, -2.5),115,2022/10/27 20:43
6,(-2.5,1.5, 0.0),116,2022/10/27 20:43
9,(3.5,1.5, 3.5),117,2022/10/27 20:43
19,(5.6,1.5, -5.6),118,2022/10/27 20:43
13,(-3.5,1.5, -3.5),119,2022/10/27 20:43
0,(0.0,1.5, 2.5),120,2022/10/27 20:43
11,(3.5,1.5, -3.5),121,2022/10/27 20:44
5,(-1.7,1.5, -1.7),122,2022/10/27 20:44
18,(8.0,1.5, 0.0),123,2022/10/27 20:44
22,(-8.0,1.5, 0.0),124,2022/10/27 20:44
7,(-1.7,1.5, 1.7),125,2022/10/27 20:44
9,(3.5,1.5, 3.5),126,2022/10/27 20:44
5,(-1.7,1.5, -1.7),127,2022/10/27 20:45
10,(5.0,1.5, 0.0),128,2022/10/27 20:45
7,(-1.7,1.5, 1.7),129,2022/10/27 20:45
23,(-5.6,1.5, 5.6),130,2022/10/27 20:45
20,(0.0,1.5, -8.0),131,2022/10/27 20:45
12,(0.0,1.5, -5.0),132,2022/10/27 20:45
7,(-1.7,1.5, 1.7),133,2022/10/27 20:46
17,(5.6,1.5, 5.6),134,2022/10/27 20:46
18,(8.0,1.5, 0.0),135,2022/10/27 20:46
13,(-3.5,1.5, -3.5),136,2022/10/27 20:46
17,(5.6,1.5, 5.6),137,2022/10/27 20:46
11,(3.5,1.5, -3.5),138,2022/10/27 20:46
19,(5.6,1.5, -5.6),139,2022/10/27 20:47
6,(-2.5,1.5, 0.0),140,2022/10/27 20:47
11,(3.5,1.5, -3.5),141,2022/10/27 20:47
11,(3.5,1.5, -3.5),142,2022/10/27 20:47
11,(3.5,1.5, -3.5),143,2022/10/27 20:47
16,(0.0,1.5, 8.0),144,2022/10/27 20:47
20,(0.0,1.5, -8.0),145,2022/10/27 20:48
23,(-5.6,1.5, 5.6),146,2022/10/27 20:48
8,(0.0,1.5, 5.0),147,2022/10/27 20:48
9,(3.5,1.5, 3.5),148,2022/10/27 20:48
13,(-3.5,1.5, -3.5),149,2022/10/27 20:48
13,(-3.5,1.5, -3.5),150,2022/10/27 20:48
16,(0.0,1.5, 8.0),151,2022/10/27 20:49
12,(0.0,1.5, -5.0),152,2022/10/27 20:49
7,(-1.7,1.5, 1.7),153,2022/10/27 20:49
15,(-3.5,1.5, 3.5),154,2022/10/27 20:49
13,(-3.5,1.5, -3.5),155,2022/10/27 20:49
9,(3.5,1.5, 3.5),156,2022/10/27 20:49
16,(0.0,1.5, 8.0),157,2022/10/27 20:50
20,(0.0,1.5, -8.0),158,2022/10/27 20:50
4,(0.0,1.5, -2.5),159,2022/10/27 20:50
13,(-3.5,1.5, -3.5),160,2022/10/27 20:50
9,(3.5,1.5, 3.5),161,2022/10/27 20:56
4,(0.0,1.5, -2.5),162,2022/10/27 20:56
8,(0.0,1.5, 5.0),163,2022/10/27 20:56
2,(2.5,1.5, 0.0),164,2022/10/27 20:56
1,(1.7,1.5, 1.7),165,2022/10/27 20:56
22,(-8.0,1.5, 0.0),166,2022/10/27 20:56
18,(8.0,1.5, 0.0),167,2022/10/27 20:57
23,(-5.6,1.5, 5.6),168,2022/10/27 20:57
10,(5.0,1.5, 0.0),169,2022/10/27 20:57
21,(-5.6,1.5, -5.6),170,2022/10/27 20:57
12,(0.0,1.5, -5.0),171,2022/10/27 20:57
13,(-3.5,1.5, -3.5),172,2022/10/27 20:57
8,(0.0,1.5, 5.0),173,2022/10/27 20:58
18,(8.0,1.5, 0.0),174,2022/10/27 20:58
12,(0.0,1.5, -5.0),175,2022/10/27 20:58
17,(5.6,1.5, 5.6),176,2022/10/27 20:58
22,(-8.0,1.5, 0.0),177,2022/10/27 20:58
17,(5.6,1.5, 5.6),178,2022/10/27 20:58
15,(-3.5,1.5, 3.5),179,2022/10/27 20:59
21,(-5.6,1.5, -5.6),180,2022/10/27 20:59
6,(-2.5,1.5, 0.0),181,2022/10/27 20:59
21,(-5.6,1.5, -5.6),182,2022/10/27 20:59
4,(0.0,1.5, -2.5),183,2022/10/27 20:59
3,(1.7,1.5, -1.7),184,2022/10/27 20:59
10,(5.0,1.5, 0.0),185,2022/10/27 21:00
7,(-1.7,1.5, 1.7),186,2022/10/27 21:00
7,(-1.7,1.5, 1.7),187,2022/10/27 21:00
22,(-8.0,1.5, 0.0),188,2022/10/27 21:00
16,(0.0,1.5, 8.0),189,2022/10/27 21:00
5,(-1.7,1.5, -1.7),190,2022/10/27 21:00
23,(-5.6,1.5, 5.6),191,2022/10/27 21:01
15,(-3.5,1.5, 3.5),192,2022/10/27 21:01
19,(5.6,1.5, -5.6),193,2022/10/27 21:01
20,(0.0,1.5, -8.0),194,2022/10/27 21:01
17,(5.6,1.5, 5.6),195,2022/10/27 21:01
10,(5.0,1.5, 0.0),196,2022/10/27 21:01
1,(1.7,1.5, 1.7),197,2022/10/27 21:02
3,(1.7,1.5, -1.7),198,2022/10/27 21:02
3,(1.7,1.5, -1.7),199,2022/10/27 21:02
2,(2.5,1.5, 0.0),200,2022/10/27 21:02
17,(5.6,1.5, 5.6),201,2022/10/27 21:02
14,(-5.0,1.5, 0.0),202,2022/10/27 21:02
14,(-5.0,1.5, 0.0),203,2022/10/27 21:03
2,(2.5,1.5, 0.0),204,2022/10/27 21:03
15,(-3.5,1.5, 3.5),205,2022/10/27 21:03
5,(-1.7,1.5, -1.7),206,2022/10/27 21:03
3,(1.7,1.5, -1.7),207,2022/10/27 21:03
16,(0.0,1.5, 8.0),208,2022/10/27 21:03
4,(0.0,1.5, -2.5),209,2022/10/27 21:04
23,(-5.6,1.5, 5.6),210,2022/10/27 21:04
10,(5.0,1.5, 0.0),211,2022/10/27 21:04
16,(0.0,1.5, 8.0),212,2022/10/27 21:04
10,(5.0,1.5, 0.0),213,2022/10/27 21:04
15,(-3.5,1.5, 3.5),214,2022/10/27 21:04
10,(5.0,1.5, 0.0),215,2022/10/27 21:05
8,(0.0,1.5, 5.0),216,2022/10/27 21:05
16,(0.0,1.5, 8.0),217,2022/10/27 21:05
23,(-5.6,1.5, 5.6),218,2022/10/27 21:05
2,(2.5,1.5, 0.0),219,2022/10/27 21:05
15,(-3.5,1.5, 3.5),220,2022/10/27 21:05
8,(0.0,1.5, 5.0),221,2022/10/27 21:06
12,(0.0,1.5, -5.0),222,2022/10/27 21:06
3,(1.7,1.5, -1.7),223,2022/10/27 21:06
8,(0.0,1.5, 5.0),224,2022/10/27 21:06
12,(0.0,1.5, -5.0),225,2022/10/27 21:06
10,(5.0,1.5, 0.0),226,2022/10/27 21:06
21,(-5.6,1.5, -5.6),227,2022/10/27 21:07
5,(-1.7,1.5, -1.7),228,2022/10/27 21:07
8,(0.0,1.5, 5.0),229,2022/10/27 21:07
1,(1.7,1.5, 1.7),230,2022/10/27 21:07
15,(-3.5,1.5, 3.5),231,2022/10/27 21:07
19,(5.6,1.5, -5.6),232,2022/10/27 21:07
14,(-5.0,1.5, 0.0),233,2022/10/27 21:08
19,(5.6,1.5, -5.6),234,2022/10/27 21:08
16,(0.0,1.5, 8.0),235,2022/10/27 21:08
5,(-1.7,1.5, -1.7),236,2022/10/27 21:08
14,(-5.0,1.5, 0.0),237,2022/10/27 21:08
14,(-5.0,1.5, 0.0),238,2022/10/27 21:08
5,(-1.7,1.5, -1.7),239,2022/10/27 21:09
