Ans,Say,judge,timenow,heydis,hey_position_x,hey_position_y,hey_position_z,say_position_x,say_position_y,say_position_z
0,0,1,3.14427,8,0,0,0,0,0,8
0,0,1,4.611274,8,0,0,0,0,0,8
0,1,0,5.337028,8.004449,0,0,0,5.66,0,5.66
0,2,0,6.014685,8,0,0,0,8,0,0
0,3,0,8.858085,8.004449,0,0,0,5.66,0,-5.66
0,0,1,12.79968,8,0,0,0,0,0,8
0,1,0,14.51107,8.004449,0,0,0,5.66,0,5.66
0,3,0,15.18606,8.004449,0,0,0,5.66,0,-5.66
0,2,0,15.19934,8,0,0,0,8,0,0
0,4,0,15.87626,8,0,0,0,0,0,-8
0,11,0,17.98309,1.994041,0,0,0,1.41,0,-1.41
0,10,0,19.14165,2,0,0,0,2,0,0
