0,0,-8,4
0,0,-8,4
1.41,0,-1.41,11
1.41,0,1.41,9
5.66,0,-5.66,3
5.66,0,-5.66,3
-1.41,0,-1.41,13
-2,0,0,14
-1.41,0,-1.41,13
-5.66,0,5.66,7
8,0,0,2
8,0,0,2
0,0,2,10
1.41,0,-1.41,11
-2,0,0,14
0,0,-2,12
2,0,0,10
5.66,0,5.66,1
0,0,8,0
-1.41,0,1.41,15
1.41,0,-1.41,11
5.66,0,5.66,1
-8,0,0,6
8,0,0,2
-5.66,0,-5.66,5
0,0,-2,12
-1.41,0,-1.41,13
-5.66,0,-5.66,5
0,0,-8,4
1.41,0,-1.41,11
-1.41,0,1.41,15
0,0,-8,4
0,0,8,0
-5.66,0,5.66,7
-2,0,0,14
-8,0,0,6
-5.66,0,5.66,7
0,0,2,8
-1.41,0,1.41,15
8,0,0,2
0,0,8,0
5.66,0,-5.66,3
2,0,0,10
1.41,0,1.41,9
0,0,-2,12
5.66,0,5.66,1
1.41,0,1.41,9
-5.66,0,-5.66,5
