0,0,8,0
0,0,-2,14
0,0,-8,4
2,0,0,10
8,0,0,2
-5.66,0,5.66,7
0,0,2,8
5.66,0,-5.66,3
-2,0,0,14
0,0,2,8
5.66,0,-5.66,3
1.41,0,-1.41,11
-1.41,0,1.41,15
5.66,0,5.66,1
1.41,0,1.41,9
-5.66,0,-5.66,5
-8,0,0,6
-1.41,0,-1.41,13
-1.41,0,1.41,15
8,0,0,2
0,0,-2,12
-5.66,0,5.66,7
0,0,8,0
2,0,0,10
0,0,-8,4
-1.41,0,-1.41,13
5.66,0,5.66,1
-2,0,0,14
1.41,0,1.41,9
-5.66,0,-5.66,5
1.41,0,-1.41,9
-1.41,0,-1.41,13
-8,0,0,6
0,0,-8,4
0,0,-2,12
-5.66,0,5.66,7
1.41,0,-1.41,11
5.66,0,-5.66,3
2,0,0,10
0,0,2,8
5.66,0,5.66,1
-1.41,0,1.41,15
-5.66,0,-5.66,5
-2,0,0,14
1.41,0,1.41,9
8,0,0,2
0,0,8,0
-8,0,0,6
