10,(-1.7, 1.5, 1.0),0,2022/11/17 19:45:04
4,(1.7, 1.5, -1.0),1,2022/11/17 19:45:14
22,(-6.9, 1.5, 4.0),2,2022/11/17 19:45:24
7,(-1.0, 1.5, -1.7),3,2022/11/17 19:45:34
17,(4.0, 1.5, -6.9),4,2022/11/17 19:45:44
2,(1.7, 1.5, 1.0),5,2022/11/17 19:45:54
20,(-6.9, 1.5, -4.0),6,2022/11/17 19:46:04
14,(6.9, 1.5, 4.0),7,2022/11/17 19:46:14
23,(-4.0, 1.5, 6.9),8,2022/11/17 19:46:24
17,(4.0, 1.5, -6.9),9,2022/11/17 19:46:34
18,(0.0, 1.5, -8.0),10,2022/11/17 19:46:44
20,(-6.9, 1.5, -4.0),11,2022/11/17 19:46:54
6,(0.0, 1.5, -2.0),12,2022/11/17 19:47:04
15,(8.0, 1.5, 0.0),13,2022/11/17 19:47:14
17,(4.0, 1.5, -6.9),14,2022/11/17 19:47:24
11,(-1.0, 1.5, 1.7),15,2022/11/17 19:47:34
4,(1.7, 1.5, -1.0),16,2022/11/17 19:47:44
14,(6.9, 1.5, 4.0),17,2022/11/17 19:47:54
23,(-4.0, 1.5, 6.9),18,2022/11/17 19:48:04
1,(1.0, 1.5, 1.7),19,2022/11/17 19:48:14
11,(-1.0, 1.5, 1.7),20,2022/11/17 19:48:24
20,(-6.9, 1.5, -4.0),21,2022/11/17 19:48:34
14,(6.9, 1.5, 4.0),22,2022/11/17 19:48:44
7,(-1.0, 1.5, -1.7),23,2022/11/17 19:48:54
9,(-2.0, 1.5, 0.0),24,2022/11/17 19:49:04
2,(1.7, 1.5, 1.0),25,2022/11/17 19:49:14
13,(4.0, 1.5, 6.9),26,2022/11/17 19:49:24
15,(8.0, 1.5, 0.0),27,2022/11/17 19:49:34
9,(-2.0, 1.5, 0.0),28,2022/11/17 19:49:44
0,(0.0, 1.5, 2.0),29,2022/11/17 19:49:54
18,(0.0, 1.5, -8.0),30,2022/11/17 19:50:04
13,(4.0, 1.5, 6.9),31,2022/11/17 19:50:14
15,(8.0, 1.5, 0.0),32,2022/11/17 19:50:24
2,(1.7, 1.5, 1.0),33,2022/11/17 19:50:34
12,(0.0, 1.5, 8.0),34,2022/11/17 19:50:44
7,(-1.0, 1.5, -1.7),35,2022/11/17 19:50:54
1,(1.0, 1.5, 1.7),36,2022/11/17 19:51:04
12,(0.0, 1.5, 8.0),37,2022/11/17 19:51:14
6,(0.0, 1.5, -2.0),38,2022/11/17 19:51:24
0,(0.0, 1.5, 2.0),39,2022/11/17 19:51:34
11,(-1.0, 1.5, 1.7),40,2022/11/17 19:51:44
13,(4.0, 1.5, 6.9),41,2022/11/17 19:51:54
15,(8.0, 1.5, 0.0),42,2022/11/17 19:52:04
18,(0.0, 1.5, -8.0),43,2022/11/17 19:52:14
20,(-6.9, 1.5, -4.0),44,2022/11/17 19:52:24
23,(-4.0, 1.5, 6.9),45,2022/11/17 19:52:34
9,(-2.0, 1.5, 0.0),46,2022/11/17 19:52:44
3,(2.0, 1.5, 0.0),47,2022/11/17 19:52:54
22,(-6.9, 1.5, 4.0),48,2022/11/17 19:53:04
16,(6.9, 1.5, -4.0),49,2022/11/17 19:53:14
3,(2.0, 1.5, 0.0),50,2022/11/17 19:53:24
14,(6.9, 1.5, 4.0),51,2022/11/17 19:53:34
4,(1.7, 1.5, -1.0),52,2022/11/17 19:53:44
9,(-2.0, 1.5, 0.0),53,2022/11/17 19:53:54
7,(-1.0, 1.5, -1.7),54,2022/11/17 19:54:04
13,(4.0, 1.5, 6.9),55,2022/11/17 19:54:14
18,(0.0, 1.5, -8.0),56,2022/11/17 19:54:24
16,(6.9, 1.5, -4.0),57,2022/11/17 19:54:34
21,(-8.0, 1.5, 0.0),58,2022/11/17 19:54:44
3,(2.0, 1.5, 0.0),59,2022/11/17 19:54:54
17,(4.0, 1.5, -6.9),60,2022/11/17 19:55:04
22,(-6.9, 1.5, 4.0),61,2022/11/17 19:55:14
20,(-6.9, 1.5, -4.0),62,2022/11/17 19:55:24
6,(0.0, 1.5, -2.0),63,2022/11/17 19:55:34
5,(1.0, 1.5, -1.7),64,2022/11/17 19:55:44
23,(-4.0, 1.5, 6.9),65,2022/11/17 19:55:54
1,(1.0, 1.5, 1.7),66,2022/11/17 19:56:04
19,(-4.0, 1.5, -6.9),67,2022/11/17 19:56:14
9,(-2.0, 1.5, 0.0),68,2022/11/17 19:56:24
1,(1.0, 1.5, 1.7),69,2022/11/17 19:56:34
7,(-1.0, 1.5, -1.7),70,2022/11/17 19:56:44
15,(8.0, 1.5, 0.0),71,2022/11/17 19:56:54
19,(-4.0, 1.5, -6.9),72,2022/11/17 19:57:04
6,(0.0, 1.5, -2.0),73,2022/11/17 19:57:14
3,(2.0, 1.5, 0.0),74,2022/11/17 19:57:24
5,(1.0, 1.5, -1.7),75,2022/11/17 19:57:34
17,(4.0, 1.5, -6.9),76,2022/11/17 19:57:44
14,(6.9, 1.5, 4.0),77,2022/11/17 19:57:54
5,(1.0, 1.5, -1.7),78,2022/11/17 19:58:04
22,(-6.9, 1.5, 4.0),79,2022/11/17 19:58:14
0,(0.0, 1.5, 2.0),80,2022/11/17 19:58:24
0,(0.0, 1.5, 2.0),81,2022/11/17 19:58:34
13,(4.0, 1.5, 6.9),82,2022/11/17 19:58:44
18,(0.0, 1.5, -8.0),83,2022/11/17 19:58:54
6,(0.0, 1.5, -2.0),84,2022/11/17 19:59:04
10,(-1.7, 1.5, 1.0),85,2022/11/17 19:59:14
1,(1.0, 1.5, 1.7),86,2022/11/17 19:59:24
11,(-1.0, 1.5, 1.7),87,2022/11/17 19:59:34
4,(1.7, 1.5, -1.0),88,2022/11/17 19:59:44
12,(0.0, 1.5, 8.0),89,2022/11/17 19:59:54
10,(-1.7, 1.5, 1.0),90,2022/11/17 20:00:04
10,(-1.7, 1.5, 1.0),91,2022/11/17 20:00:14
16,(6.9, 1.5, -4.0),92,2022/11/17 20:00:24
8,(-1.7, 1.5, -1.0),93,2022/11/17 20:00:34
23,(-4.0, 1.5, 6.9),94,2022/11/17 20:00:44
8,(-1.7, 1.5, -1.0),95,2022/11/17 20:00:54
0,(0.0, 1.5, 2.0),96,2022/11/17 20:01:04
19,(-4.0, 1.5, -6.9),97,2022/11/17 20:01:14
22,(-6.9, 1.5, 4.0),98,2022/11/17 20:01:24
11,(-1.0, 1.5, 1.7),99,2022/11/17 20:01:34
8,(-1.7, 1.5, -1.0),100,2022/11/17 20:01:44
19,(-4.0, 1.5, -6.9),101,2022/11/17 20:01:54
8,(-1.7, 1.5, -1.0),102,2022/11/17 20:02:04
8,(-1.7, 1.5, -1.0),103,2022/11/17 20:02:14
21,(-8.0, 1.5, 0.0),104,2022/11/17 20:02:24
21,(-8.0, 1.5, 0.0),105,2022/11/17 20:02:34
16,(6.9, 1.5, -4.0),106,2022/11/17 20:02:44
12,(0.0, 1.5, 8.0),107,2022/11/17 20:02:54
2,(1.7, 1.5, 1.0),108,2022/11/17 20:03:04
21,(-8.0, 1.5, 0.0),109,2022/11/17 20:03:14
4,(1.7, 1.5, -1.0),110,2022/11/17 20:03:24
3,(2.0, 1.5, 0.0),111,2022/11/17 20:03:34
21,(-8.0, 1.5, 0.0),112,2022/11/17 20:03:44
2,(1.7, 1.5, 1.0),113,2022/11/17 20:03:54
19,(-4.0, 1.5, -6.9),114,2022/11/17 20:04:04
16,(6.9, 1.5, -4.0),115,2022/11/17 20:04:14
10,(-1.7, 1.5, 1.0),116,2022/11/17 20:04:24
12,(0.0, 1.5, 8.0),117,2022/11/17 20:04:34
5,(1.0, 1.5, -1.7),118,2022/11/17 20:04:44
5,(1.0, 1.5, -1.7),119,2022/11/17 20:04:54
