13,(-3.5,1.5, -3.5),0,2022/10/27 17:58
15,(-3.5,1.5, 3.5),1,2022/10/27 17:58
9,(3.5,1.5, 3.5),2,2022/10/27 17:58
3,(1.7,1.5, -1.7),3,2022/10/27 17:58
12,(0.0,1.5, -5.0),4,2022/10/27 17:58
22,(-8.0,1.5, 0.0),5,2022/10/27 17:59
11,(3.5,1.5, -3.5),6,2022/10/27 17:59
21,(-5.6,1.5, -5.6),7,2022/10/27 17:59
23,(-5.6,1.5, 5.6),8,2022/10/27 17:59
16,(0.0,1.5, 8.0),9,2022/10/27 17:59
10,(5.0,1.5, 0.0),10,2022/10/27 17:59
15,(-3.5,1.5, 3.5),11,2022/10/27 18:00
17,(5.6,1.5, 5.6),12,2022/10/27 18:00
19,(5.6,1.5, -5.6),13,2022/10/27 18:00
4,(0.0,1.5, -2.5),14,2022/10/27 18:00
6,(-2.5,1.5, 0.0),15,2022/10/27 18:00
0,(0.0,1.5, 2.5),16,2022/10/27 18:00
5,(-1.7,1.5, -1.7),17,2022/10/27 18:01
15,(-3.5,1.5, 3.5),18,2022/10/27 18:01
16,(0.0,1.5, 8.0),19,2022/10/27 18:01
10,(5.0,1.5, 0.0),20,2022/10/27 18:01
4,(0.0,1.5, -2.5),21,2022/10/27 18:01
17,(5.6,1.5, 5.6),22,2022/10/27 18:01
19,(5.6,1.5, -5.6),23,2022/10/27 18:02
20,(0.0,1.5, -8.0),24,2022/10/27 18:02
15,(-3.5,1.5, 3.5),25,2022/10/27 18:02
17,(5.6,1.5, 5.6),26,2022/10/27 18:02
20,(0.0,1.5, -8.0),27,2022/10/27 18:02
6,(-2.5,1.5, 0.0),28,2022/10/27 18:02
0,(0.0,1.5, 2.5),29,2022/10/27 18:03
11,(3.5,1.5, -3.5),30,2022/10/27 18:03
21,(-5.6,1.5, -5.6),31,2022/10/27 18:03
8,(0.0,1.5, 5.0),32,2022/10/27 18:03
2,(2.5,1.5, 0.0),33,2022/10/27 18:03
12,(0.0,1.5, -5.0),34,2022/10/27 18:03
7,(-1.7,1.5, 1.7),35,2022/10/27 18:04
1,(1.7,1.5, 1.7),36,2022/10/27 18:04
12,(0.0,1.5, -5.0),37,2022/10/27 18:04
6,(-2.5,1.5, 0.0),38,2022/10/27 18:04
0,(0.0,1.5, 2.5),39,2022/10/27 18:04
11,(3.5,1.5, -3.5),40,2022/10/27 18:04
13,(-3.5,1.5, -3.5),41,2022/10/27 18:05
15,(-3.5,1.5, 3.5),42,2022/10/27 18:05
18,(8.0,1.5, 0.0),43,2022/10/27 18:05
20,(0.0,1.5, -8.0),44,2022/10/27 18:05
23,(-5.6,1.5, 5.6),45,2022/10/27 18:05
9,(3.5,1.5, 3.5),46,2022/10/27 18:05
3,(1.7,1.5, -1.7),47,2022/10/27 18:06
22,(-8.0,1.5, 0.0),48,2022/10/27 18:06
16,(0.0,1.5, 8.0),49,2022/10/27 18:06
3,(1.7,1.5, -1.7),50,2022/10/27 18:06
14,(-5.0,1.5, 0.0),51,2022/10/27 18:06
4,(0.0,1.5, -2.5),52,2022/10/27 18:06
9,(3.5,1.5, 3.5),53,2022/10/27 18:07
7,(-1.7,1.5, 1.7),54,2022/10/27 18:07
13,(-3.5,1.5, -3.5),55,2022/10/27 18:07
18,(8.0,1.5, 0.0),56,2022/10/27 18:07
16,(0.0,1.5, 8.0),57,2022/10/27 18:07
21,(-5.6,1.5, -5.6),58,2022/10/27 18:07
3,(1.7,1.5, -1.7),59,2022/10/27 18:08
17,(5.6,1.5, 5.6),60,2022/10/27 18:08
22,(-8.0,1.5, 0.0),61,2022/10/27 18:08
20,(0.0,1.5, -8.0),62,2022/10/27 18:08
1,(1.7,1.5, 1.7),63,2022/10/27 18:10
22,(-8.0,1.5, 0.0),64,2022/10/27 18:10
4,(0.0,1.5, -2.5),65,2022/10/27 18:10
2,(2.5,1.5, 0.0),66,2022/10/27 18:10
18,(8.0,1.5, 0.0),67,2022/10/27 18:10
8,(0.0,1.5, 5.0),68,2022/10/27 18:11
23,(-5.6,1.5, 5.6),69,2022/10/27 18:11
5,(-1.7,1.5, -1.7),70,2022/10/27 18:11
11,(3.5,1.5, -3.5),71,2022/10/27 18:11
2,(2.5,1.5, 0.0),72,2022/10/27 18:11
0,(0.0,1.5, 2.5),73,2022/10/27 18:11
22,(-8.0,1.5, 0.0),74,2022/10/27 18:12
5,(-1.7,1.5, -1.7),75,2022/10/27 18:12
11,(3.5,1.5, -3.5),76,2022/10/27 18:12
2,(2.5,1.5, 0.0),77,2022/10/27 18:12
8,(0.0,1.5, 5.0),78,2022/10/27 18:12
22,(-8.0,1.5, 0.0),79,2022/10/27 18:12
13,(-3.5,1.5, -3.5),80,2022/10/27 18:13
8,(0.0,1.5, 5.0),81,2022/10/27 18:13
14,(-5.0,1.5, 0.0),82,2022/10/27 18:13
13,(-3.5,1.5, -3.5),83,2022/10/27 18:13
11,(3.5,1.5, -3.5),84,2022/10/27 18:13
9,(3.5,1.5, 3.5),85,2022/10/27 18:13
12,(0.0,1.5, -5.0),86,2022/10/27 18:14
2,(2.5,1.5, 0.0),87,2022/10/27 18:14
16,(0.0,1.5, 8.0),88,2022/10/27 18:14
15,(-3.5,1.5, 3.5),89,2022/10/27 18:14
21,(-5.6,1.5, -5.6),90,2022/10/27 18:14
16,(0.0,1.5, 8.0),91,2022/10/27 18:14
22,(-8.0,1.5, 0.0),92,2022/10/27 18:15
3,(1.7,1.5, -1.7),93,2022/10/27 18:15
4,(0.0,1.5, -2.5),94,2022/10/27 18:15
6,(-2.5,1.5, 0.0),95,2022/10/27 18:15
3,(1.7,1.5, -1.7),96,2022/10/27 18:15
13,(-3.5,1.5, -3.5),97,2022/10/27 18:15
7,(-1.7,1.5, 1.7),98,2022/10/27 18:16
8,(0.0,1.5, 5.0),99,2022/10/27 18:16
18,(8.0,1.5, 0.0),100,2022/10/27 18:16
12,(0.0,1.5, -5.0),101,2022/10/27 18:16
1,(1.7,1.5, 1.7),102,2022/10/27 18:16
11,(3.5,1.5, -3.5),103,2022/10/27 18:16
12,(0.0,1.5, -5.0),104,2022/10/27 18:17
14,(-5.0,1.5, 0.0),105,2022/10/27 18:17
16,(0.0,1.5, 8.0),106,2022/10/27 18:17
13,(-3.5,1.5, -3.5),107,2022/10/27 18:17
23,(-5.6,1.5, 5.6),108,2022/10/27 18:17
8,(0.0,1.5, 5.0),109,2022/10/27 18:17
10,(5.0,1.5, 0.0),110,2022/10/27 18:18
4,(0.0,1.5, -2.5),111,2022/10/27 18:18
9,(3.5,1.5, 3.5),112,2022/10/27 18:18
11,(3.5,1.5, -3.5),113,2022/10/27 18:18
21,(-5.6,1.5, -5.6),114,2022/10/27 18:18
22,(-8.0,1.5, 0.0),115,2022/10/27 18:18
16,(0.0,1.5, 8.0),116,2022/10/27 18:19
13,(-3.5,1.5, -3.5),117,2022/10/27 18:19
6,(-2.5,1.5, 0.0),118,2022/10/27 18:19
8,(0.0,1.5, 5.0),119,2022/10/27 18:19
11,(3.5,1.5, -3.5),120,2022/10/27 18:19
13,(-3.5,1.5, -3.5),121,2022/10/27 18:19
8,(0.0,1.5, 5.0),122,2022/10/27 18:20
2,(2.5,1.5, 0.0),123,2022/10/27 18:20
12,(0.0,1.5, -5.0),124,2022/10/27 18:20
23,(-5.6,1.5, 5.6),125,2022/10/27 18:20
1,(1.7,1.5, 1.7),126,2022/10/27 18:20
19,(5.6,1.5, -5.6),127,2022/10/27 18:20
14,(-5.0,1.5, 0.0),128,2022/10/27 18:21
0,(0.0,1.5, 2.5),129,2022/10/27 18:21
19,(5.6,1.5, -5.6),130,2022/10/27 18:21
13,(-3.5,1.5, -3.5),131,2022/10/27 18:21
5,(-1.7,1.5, -1.7),132,2022/10/27 18:21
11,(3.5,1.5, -3.5),133,2022/10/27 18:21
0,(0.0,1.5, 2.5),134,2022/10/27 18:22
5,(-1.7,1.5, -1.7),135,2022/10/27 18:22
23,(-5.6,1.5, 5.6),136,2022/10/27 18:22
21,(-5.6,1.5, -5.6),137,2022/10/27 18:22
2,(2.5,1.5, 0.0),138,2022/10/27 18:22
14,(-5.0,1.5, 0.0),139,2022/10/27 18:22
4,(0.0,1.5, -2.5),140,2022/10/27 18:23
12,(0.0,1.5, -5.0),141,2022/10/27 18:23
21,(-5.6,1.5, -5.6),142,2022/10/27 18:23
20,(0.0,1.5, -8.0),143,2022/10/27 18:23
9,(3.5,1.5, 3.5),144,2022/10/27 18:23
5,(-1.7,1.5, -1.7),145,2022/10/27 18:23
20,(0.0,1.5, -8.0),146,2022/10/27 18:24
6,(-2.5,1.5, 0.0),147,2022/10/27 18:24
21,(-5.6,1.5, -5.6),148,2022/10/27 18:24
21,(-5.6,1.5, -5.6),149,2022/10/27 18:24
12,(0.0,1.5, -5.0),150,2022/10/27 18:24
20,(0.0,1.5, -8.0),151,2022/10/27 18:24
8,(0.0,1.5, 5.0),152,2022/10/27 18:25
20,(0.0,1.5, -8.0),153,2022/10/27 18:25
17,(5.6,1.5, 5.6),154,2022/10/27 18:25
5,(-1.7,1.5, -1.7),155,2022/10/27 18:25
0,(0.0,1.5, 2.5),156,2022/10/27 18:25
22,(-8.0,1.5, 0.0),157,2022/10/27 18:25
14,(-5.0,1.5, 0.0),158,2022/10/27 18:26
21,(-5.6,1.5, -5.6),159,2022/10/27 18:26
9,(3.5,1.5, 3.5),160,2022/10/27 18:26
20,(0.0,1.5, -8.0),161,2022/10/27 18:26
9,(3.5,1.5, 3.5),162,2022/10/27 18:26
3,(1.7,1.5, -1.7),163,2022/10/27 18:26
5,(-1.7,1.5, -1.7),164,2022/10/27 18:27
15,(-3.5,1.5, 3.5),165,2022/10/27 18:27
17,(5.6,1.5, 5.6),166,2022/10/27 18:27
19,(5.6,1.5, -5.6),167,2022/10/27 18:27
15,(-3.5,1.5, 3.5),168,2022/10/27 18:27
10,(5.0,1.5, 0.0),169,2022/10/27 18:27
18,(8.0,1.5, 0.0),170,2022/10/27 18:28
18,(8.0,1.5, 0.0),171,2022/10/27 18:28
16,(0.0,1.5, 8.0),172,2022/10/27 18:28
14,(-5.0,1.5, 0.0),173,2022/10/27 18:28
16,(0.0,1.5, 8.0),174,2022/10/27 18:28
14,(-5.0,1.5, 0.0),175,2022/10/27 18:28
2,(2.5,1.5, 0.0),176,2022/10/27 18:29
9,(3.5,1.5, 3.5),177,2022/10/27 18:29
3,(1.7,1.5, -1.7),178,2022/10/27 18:29
9,(3.5,1.5, 3.5),179,2022/10/27 18:29
22,(-8.0,1.5, 0.0),180,2022/10/27 18:29
15,(-3.5,1.5, 3.5),181,2022/10/27 18:29
7,(-1.7,1.5, 1.7),182,2022/10/27 18:30
5,(-1.7,1.5, -1.7),183,2022/10/27 18:30
14,(-5.0,1.5, 0.0),184,2022/10/27 18:30
4,(0.0,1.5, -2.5),185,2022/10/27 18:30
4,(0.0,1.5, -2.5),186,2022/10/27 18:34
10,(5.0,1.5, 0.0),187,2022/10/27 18:34
3,(1.7,1.5, -1.7),188,2022/10/27 18:34
23,(-5.6,1.5, 5.6),189,2022/10/27 18:34
8,(0.0,1.5, 5.0),190,2022/10/27 18:34
15,(-3.5,1.5, 3.5),191,2022/10/27 18:34
1,(1.7,1.5, 1.7),192,2022/10/27 18:35
3,(1.7,1.5, -1.7),193,2022/10/27 18:35
6,(-2.5,1.5, 0.0),194,2022/10/27 18:35
19,(5.6,1.5, -5.6),195,2022/10/27 18:35
6,(-2.5,1.5, 0.0),196,2022/10/27 18:35
20,(0.0,1.5, -8.0),197,2022/10/27 18:35
4,(0.0,1.5, -2.5),198,2022/10/27 18:36
1,(1.7,1.5, 1.7),199,2022/10/27 18:36
2,(2.5,1.5, 0.0),200,2022/10/27 18:36
7,(-1.7,1.5, 1.7),201,2022/10/27 18:36
2,(2.5,1.5, 0.0),202,2022/10/27 18:36
19,(5.6,1.5, -5.6),203,2022/10/27 18:36
0,(0.0,1.5, 2.5),204,2022/10/27 18:37
14,(-5.0,1.5, 0.0),205,2022/10/27 18:37
18,(8.0,1.5, 0.0),206,2022/10/27 18:37
19,(5.6,1.5, -5.6),207,2022/10/27 18:37
5,(-1.7,1.5, -1.7),208,2022/10/27 18:37
0,(0.0,1.5, 2.5),209,2022/10/27 18:37
1,(1.7,1.5, 1.7),210,2022/10/27 18:38
23,(-5.6,1.5, 5.6),211,2022/10/27 18:38
18,(8.0,1.5, 0.0),212,2022/10/27 18:38
19,(5.6,1.5, -5.6),213,2022/10/27 18:38
17,(5.6,1.5, 5.6),214,2022/10/27 18:38
19,(5.6,1.5, -5.6),215,2022/10/27 18:38
1,(1.7,1.5, 1.7),216,2022/10/27 18:39
17,(5.6,1.5, 5.6),217,2022/10/27 18:39
1,(1.7,1.5, 1.7),218,2022/10/27 18:39
12,(0.0,1.5, -5.0),219,2022/10/27 18:39
6,(-2.5,1.5, 0.0),220,2022/10/27 18:39
17,(5.6,1.5, 5.6),221,2022/10/27 18:39
23,(-5.6,1.5, 5.6),222,2022/10/27 18:40
6,(-2.5,1.5, 0.0),223,2022/10/27 18:40
7,(-1.7,1.5, 1.7),224,2022/10/27 18:40
10,(5.0,1.5, 0.0),225,2022/10/27 18:40
23,(-5.6,1.5, 5.6),226,2022/10/27 18:40
17,(5.6,1.5, 5.6),227,2022/10/27 18:40
7,(-1.7,1.5, 1.7),228,2022/10/27 18:41
18,(8.0,1.5, 0.0),229,2022/10/27 18:41
7,(-1.7,1.5, 1.7),230,2022/10/27 18:41
7,(-1.7,1.5, 1.7),231,2022/10/27 18:41
1,(1.7,1.5, 1.7),232,2022/10/27 18:41
10,(5.0,1.5, 0.0),233,2022/10/27 18:41
18,(8.0,1.5, 0.0),234,2022/10/27 18:42
10,(5.0,1.5, 0.0),235,2022/10/27 18:42
0,(0.0,1.5, 2.5),236,2022/10/27 18:42
7,(-1.7,1.5, 1.7),237,2022/10/27 18:42
10,(5.0,1.5, 0.0),238,2022/10/27 18:42
10,(5.0,1.5, 0.0),239,2022/10/27 18:42
