5.66,0.2,5.66,3
5.66,0.2,-5.66,10
-5.66,0.2,5.66,21
-5.66,0.2,-5.66,16
5.66,0.2,5.66,5
0,0.2,8,1
0,0.2,8,2
8,0.2,0,6
8,0.2,0,6
-8,0.2,0,20
5.66,0.2,-5.66,10
5.66,0.2,5.66,4
-5.66,0.2,5.66,21
-8,0.2,0,19
5.66,0.2,-5.66,9
0,0.2,8,0
-5.66,0.2,-5.66,15
-8,0.2,0,20
5.66,0.2,-5.66,11
-5.66,0.2,5.66,21
8,0.2,0,8
-8,0.2,0,18
5.66,0.2,-5.66,11
0,0.2,-8,13
-8,0.2,0,19
-5.66,0.2,-5.66,15
-5.66,0.2,-5.66,17
5.66,0.2,5.66,3
5.66,0.2,5.66,4
8,0.2,0,7
0,0.2,8,2
-5.66,0.2,5.66,22
5.66,0.2,-5.66,9
-5.66,0.2,-5.66,17
0,0.2,-8,14
-5.66,0,5.66,23
-5.66,0.2,5.66,23
0,0.2,-8,14
-8,0.2,0,18
-5.66,0.2,5.66,22
0,0.2,-8,12
0,0.2,-8,12
5.66,0.2,5.66,5
0,0.2,8,0
8,0.2,0,8
0,0.2,8,1
8,0.2,0,7
0,0.2,-8,13
