Ans,timenow,HMD_rotation_x,HMD_rotation_y,HMD_rotation_z,heydegree,hey_position_x,hey_position_y,hey_position_z
0,0.03062582,0,0,0,270,0,0,0
0,0.03936291,0,0,0,270,0,0,0
0,0.8192797,0,0,0,270,0,0,0
0,0.8566856,0,0,0,270,0,0,0
0,0.8659134,0,0,0,270,0,0,0
0,0.8717275,0,0,0,270,0,0,0
0,0.8791118,0,0,0,270,0,0,0
0,0.8862901,0,0,0,270,0,0,0
0,0.8935204,0,0,0,270,0,0,0
0,0.9003797,0,0,0,270,0,0,0
0,0.9069815,0,0,0,270,0,0,0
0,0.9131408,0,0,0,270,0,0,0
0,0.9191136,0,0,0,270,0,0,0
0,0.9255819,0,0,0,270,0,0,0
0,0.9485779,0,0,0,270,0,0,0
0,0.9548535,0,0,0,270,0,0,0
0,0.9605908,0,0,0,270,0,0,0
0,0.9662437,0,0,0,270,0,0,0
0,0.9944472,0,0,0,270,0,0,0
0,1.006718,0,0,0,270,0,0,0
0,1.012626,0,0,0,270,0,0,0
0,1.019032,0,0,0,270,0,0,0
0,1.024351,0,0,0,270,0,0,0
0,1.030225,0,0,0,270,0,0,0
0,1.035469,0,0,0,270,0,0,0
0,1.041344,0,0,0,270,0,0,0
0,1.046513,0,0,0,270,0,0,0
0,1.051869,0,0,0,270,0,0,0
0,1.057631,0,0,0,270,0,0,0
0,1.063655,0,0,0,270,0,0,0
0,1.068905,0,0,0,270,0,0,0
0,1.074195,0,0,0,270,0,0,0
0,1.080561,0,0,0,270,0,0,0
0,1.100286,0,0,0,270,0,0,0
0,1.107178,0,0,0,270,0,0,0
0,1.113872,0,0,0,270,0,0,0
0,1.120868,0,0,0,270,0,0,0
0,1.128381,0,0,0,270,0,0,0
0,1.135445,0,0,0,270,0,0,0
0,1.143116,0,0,0,270,0,0,0
0,1.15034,0,0,0,270,0,0,0
0,1.158929,0,0,0,270,0,0,0
0,1.165602,0,0,0,270,0,0,0
0,1.173929,0,0,0,270,0,0,0
0,1.181416,0,0,0,270,0,0,0
0,1.18802,0,0,0,270,0,0,0
0,1.194081,0,0,0,270,0,0,0
0,1.201318,0,0,0,270,0,0,0
0,1.209657,0,0,0,270,0,0,0
0,1.215422,0,0,0,270,0,0,0
0,1.221827,0,0,0,270,0,0,0
0,1.227386,0,0,0,270,0,0,0
0,1.233454,0,0,0,270,0,0,0
0,1.252277,0,0,0,270,0,0,0
0,1.256687,0,0,0,270,0,0,0
0,1.261641,0,0,0,270,0,0,0
0,1.266212,0,0,0,270,0,0,0
0,1.271255,0,0,0,270,0,0,0
0,1.276388,0,0,0,270,0,0,0
0,1.282807,0,0,0,270,0,0,0
0,1.288712,0,0,0,270,0,0,0
0,1.293528,0,0,0,270,0,0,0
0,1.300173,0,0,0,270,0,0,0
0,1.305199,0,0,0,270,0,0,0
0,1.310729,0,0,0,270,0,0,0
0,1.315447,0,0,0,270,0,0,0
0,1.322116,0,0,0,270,0,0,0
0,1.327639,0,0,0,270,0,0,0
0,1.332863,0,0,0,270,0,0,0
0,1.337922,0,0,0,270,0,0,0
0,1.343521,0,0,0,270,0,0,0
0,1.34845,0,0,0,270,0,0,0
0,1.353297,0,0,0,270,0,0,0
0,1.358356,0,0,0,270,0,0,0
0,1.363313,0,0,0,270,0,0,0
0,1.367987,0,0,0,270,0,0,0
0,1.372326,0,0,0,270,0,0,0
0,1.37786,0,0,0,270,0,0,0
0,1.382987,0,0,0,270,0,0,0
0,1.387874,0,0,0,270,0,0,0
0,1.407611,0,0,0,270,0,0,0
0,1.416388,0,0,0,270,0,0,0
0,1.423479,0,0,0,270,0,0,0
0,1.429845,0,0,0,270,0,0,0
0,1.435628,0,0,0,270,0,0,0
0,1.441345,0,0,0,270,0,0,0
0,1.446617,0,0,0,270,0,0,0
0,1.451547,0,0,0,270,0,0,0
0,1.457215,0,0,0,270,0,0,0
0,1.462077,0,0,0,270,0,0,0
0,1.467057,0,0,0,270,0,0,0
0,1.473258,0,0,0,270,0,0,0
0,1.479496,0,0,0,270,0,0,0
0,1.485399,0,0,0,270,0,0,0
0,1.491163,0,0,0,270,0,0,0
0,1.495749,0,0,0,270,0,0,0
0,1.50063,0,0,0,270,0,0,0
0,1.505902,0,0,0,270,0,0,0
0,1.510682,0,0,0,270,0,0,0
0,1.515919,0,0,0,270,0,0,0
0,1.52126,0,0,0,270,0,0,0
0,1.526373,0,0,0,270,0,0,0
0,1.531878,0,0,0,270,0,0,0
0,1.538117,0,0,0,270,0,0,0
0,1.54377,0,0,0,270,0,0,0
0,1.562963,0,0,0,270,0,0,0
0,1.568521,0,0,0,270,0,0,0
0,1.573822,0,0,0,270,0,0,0
0,1.579838,0,0,0,270,0,0,0
0,1.584913,0,0,0,270,0,0,0
0,1.589409,0,0,0,270,0,0,0
0,1.595634,0,0,0,270,0,0,0
0,1.602356,0,0,0,270,0,0,0
0,1.606774,0,0,0,270,0,0,0
0,1.611285,0,0,0,270,0,0,0
0,1.617868,0,0,0,270,0,0,0
0,1.622751,0,0,0,270,0,0,0
0,1.628189,0,0,0,270,0,0,0
0,1.633183,0,0,0,270,0,0,0
0,1.638621,0,0,0,270,0,0,0
0,1.643573,0,0,0,270,0,0,0
0,1.650199,0,0,0,270,0,0,0
0,1.655028,0,0,0,270,0,0,0
0,1.661043,0,0,0,270,0,0,0
0,1.666493,0,0,0,270,0,0,0
0,1.672186,0,0,0,270,0,0,0
0,1.67862,0,0,0,270,0,0,0
0,1.684045,0,0,0,270,0,0,0
0,1.689541,0,0,0,270,0,0,0
0,1.695135,0,0,0,270,0,0,0
0,1.712349,0,0,0,270,0,0,0
0,1.717378,0,0,0,270,0,0,0
0,1.723083,0,0,0,270,0,0,0
0,1.728444,0,0,0,270,0,0,0
0,1.734324,0,0,0,270,0,0,0
0,1.740373,0,0,0,270,0,0,0
0,1.745991,0,0,0,270,0,0,0
0,1.752285,0,0,0,270,0,0,0
0,1.757843,0,0,0,270,0,0,0
0,1.762938,0,0,0,270,0,0,0
0,1.768094,0,0,0,270,0,0,0
0,1.773787,0,0,0,270,0,0,0
0,1.779227,0,0,0,270,0,0,0
0,1.784333,0,0,0,270,0,0,0
0,1.788587,0,0,0,270,0,0,0
0,1.79274,0,0,0,270,0,0,0
0,1.798609,0,0,0,270,0,0,0
0,1.803173,0,0,0,270,0,0,0
0,1.808124,0,0,0,270,0,0,0
0,1.812649,0,0,0,270,0,0,0
0,1.820534,0,0,0,270,0,0,0
0,1.825612,0,0,0,270,0,0,0
0,1.830562,0,0,0,270,0,0,0
0,1.835464,0,0,0,270,0,0,0
0,1.840304,0,0,0,270,0,0,0
0,1.84543,0,0,0,270,0,0,0
0,1.859072,0,0,0,270,0,0,0
0,1.863422,0,0,0,270,0,0,0
0,1.867594,0,0,0,270,0,0,0
0,1.871525,0,0,0,270,0,0,0
0,1.876562,0,0,0,270,0,0,0
0,1.882692,0,0,0,270,0,0,0
0,1.887306,0,0,0,270,0,0,0
0,1.892303,0,0,0,270,0,0,0
0,1.899244,0,0,0,270,0,0,0
0,1.90478,0,0,0,270,0,0,0
0,1.910223,0,0,0,270,0,0,0
0,1.914893,0,0,0,270,0,0,0
0,1.919907,0,0,0,270,0,0,0
0,1.925362,0,0,0,270,0,0,0
0,1.92967,0,0,0,270,0,0,0
0,1.933911,0,0,0,270,0,0,0
0,1.938807,0,0,0,270,0,0,0
0,1.943917,0,0,0,270,0,0,0
0,1.948562,0,0,0,270,0,0,0
0,1.953347,0,0,0,270,0,0,0
0,1.95875,0,0,0,270,0,0,0
0,1.963015,0,0,0,270,0,0,0
0,1.966843,0,0,0,270,0,0,0
0,1.972013,0,0,0,270,0,0,0
0,1.976616,0,0,0,270,0,0,0
0,1.981607,0,0,0,270,0,0,0
0,1.988145,0,0,0,270,0,0,0
0,1.992474,0,0,0,270,0,0,0
0,1.997771,0,0,0,270,0,0,0
0,2.012626,0,0,0,270,0,0,0
0,2.017631,0,0,0,270,0,0,0
0,2.023296,0,0,0,270,0,0,0
0,2.027822,0,0,0,270,0,0,0
0,2.03265,0,0,0,270,0,0,0
0,2.038661,0,0,0,270,0,0,0
0,2.043591,0,0,0,270,0,0,0
0,2.049113,0,0,0,270,0,0,0
0,2.053948,0,0,0,270,0,0,0
0,2.059332,0,0,0,270,0,0,0
0,2.064489,0,0,0,270,0,0,0
0,2.069785,0,0,0,270,0,0,0
0,2.074628,0,0,0,270,0,0,0
0,2.081067,0,0,0,270,0,0,0
0,2.085196,0,0,0,270,0,0,0
0,2.089334,0,0,0,270,0,0,0
0,2.093993,0,0,0,270,0,0,0
0,2.099406,0,0,0,270,0,0,0
0,2.104751,0,0,0,270,0,0,0
0,2.111016,0,0,0,270,0,0,0
0,2.116026,0,0,0,270,0,0,0
0,2.12144,0,0,0,270,0,0,0
0,2.12649,0,0,0,270,0,0,0
0,2.132127,0,0,0,270,0,0,0
0,2.138221,0,0,0,270,0,0,0
0,2.14361,0,0,0,270,0,0,0
0,2.148118,0,0,0,270,0,0,0
0,2.171985,0,0,0,270,0,0,0
0,2.178908,0,0,0,270,0,0,0
0,2.188588,0,0,0,270,0,0,0
0,2.198593,0,0,0,270,0,0,0
0,2.209718,0,0,0,270,0,0,0
0,2.225002,0,0,0,270,0,0,0
0,2.23131,0,0,0,270,0,0,0
0,2.240659,0,0,0,270,0,0,0
0,2.245944,0,0,0,270,0,0,0
0,2.252525,0,0,0,270,0,0,0
0,2.257989,0,0,0,270,0,0,0
0,2.262562,0,0,0,270,0,0,0
0,2.266966,0,0,0,270,0,0,0
0,2.271709,0,0,0,270,0,0,0
0,2.276335,0,0,0,270,0,0,0
0,2.281137,0,0,0,270,0,0,0
0,2.287175,0,0,0,270,0,0,0
0,2.29342,0,0,0,270,0,0,0
0,2.299487,0,0,0,270,0,0,0
0,2.318516,0,0,0,270,0,0,0
0,2.323158,0,0,0,270,0,0,0
0,2.327652,0,0,0,270,0,0,0
0,2.332047,0,0,0,270,0,0,0
0,2.336363,0,0,0,270,0,0,0
0,2.341065,0,0,0,270,0,0,0
0,2.346991,0,0,0,270,0,0,0
0,2.352401,0,0,0,270,0,0,0
0,2.357471,0,0,0,270,0,0,0
0,2.362675,0,0,0,270,0,0,0
0,2.367945,0,0,0,270,0,0,0
0,2.373581,0,0,0,270,0,0,0
0,2.379306,0,0,0,270,0,0,0
0,2.384448,0,0,0,270,0,0,0
0,2.388582,0,0,0,270,0,0,0
0,2.393303,0,0,0,270,0,0,0
0,2.398096,0,0,0,270,0,0,0
0,2.402524,0,0,0,270,0,0,0
0,2.407936,0,0,0,270,0,0,0
0,2.412866,0,0,0,270,0,0,0
0,2.418218,0,0,0,270,0,0,0
0,2.423673,0,0,0,270,0,0,0
0,2.430126,0,0,0,270,0,0,0
0,2.435677,0,0,0,270,0,0,0
0,2.444114,0,0,0,270,0,0,0
0,2.448806,0,0,0,270,0,0,0
0,2.454487,0,0,0,270,0,0,0
0,2.471473,0,0,0,270,0,0,0
0,2.475794,0,0,0,270,0,0,0
0,2.480475,0,0,0,270,0,0,0
0,2.485775,0,0,0,270,0,0,0
0,2.491522,0,0,0,270,0,0,0
0,2.496224,0,0,0,270,0,0,0
0,2.501762,0,0,0,270,0,0,0
0,2.508066,0,0,0,270,0,0,0
0,2.514688,0,0,0,270,0,0,0
0,2.520405,0,0,0,270,0,0,0
0,2.524956,0,0,0,270,0,0,0
0,2.530154,0,0,0,270,0,0,0
0,2.535075,0,0,0,270,0,0,0
0,2.539838,0,0,0,270,0,0,0
0,2.545252,0,0,0,270,0,0,0
0,2.550277,0,0,0,270,0,0,0
0,2.555708,0,0,0,270,0,0,0
0,2.562138,0,0,0,270,0,0,0
0,2.568146,0,0,0,270,0,0,0
0,2.573939,0,0,0,270,0,0,0
0,2.580445,0,0,0,270,0,0,0
0,2.585649,0,0,0,270,0,0,0
0,2.590326,0,0,0,270,0,0,0
0,2.595297,0,0,0,270,0,0,0
0,2.600218,0,0,0,270,0,0,0
0,2.604709,0,0,0,270,0,0,0
0,2.621799,0,0,0,270,0,0,0
0,2.626766,0,0,0,270,0,0,0
0,2.631101,0,0,0,270,0,0,0
0,2.635757,0,0,0,270,0,0,0
0,2.641896,0,0,0,270,0,0,0
0,2.647349,0,0,0,270,0,0,0
0,2.652868,0,0,0,270,0,0,0
0,2.6581,0,0,0,270,0,0,0
0,2.662855,0,0,0,270,0,0,0
0,2.667972,0,0,0,270,0,0,0
0,2.674152,0,0,0,270,0,0,0
0,2.680931,0,0,0,270,0,0,0
0,2.687358,0,0,0,270,0,0,0
0,2.692813,0,0,0,270,0,0,0
0,2.698446,0,0,0,270,0,0,0
0,2.704973,0,0,0,270,0,0,0
0,2.709795,0,0,0,270,0,0,0
0,2.714438,0,0,0,270,0,0,0
0,2.719704,0,0,0,270,0,0,0
0,2.724129,0,0,0,270,0,0,0
0,2.7282,0,0,0,270,0,0,0
0,2.733305,0,0,0,270,0,0,0
0,2.738577,0,0,0,270,0,0,0
0,2.742581,0,0,0,270,0,0,0
0,2.747805,0,0,0,270,0,0,0
0,2.752962,0,0,0,270,0,0,0
0,2.758924,0,0,0,270,0,0,0
0,2.774376,0,0,0,270,0,0,0
0,2.779452,0,0,0,270,0,0,0
0,2.785225,0,0,0,270,0,0,0
0,2.791736,0,0,0,270,0,0,0
0,2.79805,0,0,0,270,0,0,0
0,2.804354,0,0,0,270,0,0,0
0,2.810288,0,0,0,270,0,0,0
0,2.816042,0,0,0,270,0,0,0
0,2.82138,0,0,0,270,0,0,0
0,2.826358,0,0,0,270,0,0,0
0,2.832033,0,0,0,270,0,0,0
0,2.837381,0,0,0,270,0,0,0
0,2.844974,0,0,0,270,0,0,0
0,2.850597,0,0,0,270,0,0,0
0,2.858436,0,0,0,270,0,0,0
0,2.865274,0,0,0,270,0,0,0
0,2.871777,0,0,0,270,0,0,0
0,2.878586,0,0,0,270,0,0,0
0,2.884944,0,0,0,270,0,0,0
0,2.891245,0,0,0,270,0,0,0
0,2.898067,0,0,0,270,0,0,0
0,2.905385,0,0,0,270,0,0,0
0,2.913178,0,0,0,270,0,0,0
0,2.934861,0,0,0,270,0,0,0
0,2.94187,0,0,0,270,0,0,0
0,2.947731,0,0,0,270,0,0,0
0,2.953847,0,0,0,270,0,0,0
0,2.960826,0,0,0,270,0,0,0
0,2.967322,0,0,0,270,0,0,0
0,2.975224,0,0,0,270,0,0,0
0,2.982227,0,0,0,270,0,0,0
0,2.989209,0,0,0,270,0,0,0
0,2.996035,0,0,0,270,0,0,0
0,3.002821,0,0,0,270,0,0,0
0,3.009348,0,0,0,270,0,0,0
0,3.015421,0,0,0,270,0,0,0
0,3.021863,0,0,0,270,0,0,0
0,3.028394,0,0,0,270,0,0,0
0,3.034571,0,0,0,270,0,0,0
0,3.041092,0,0,0,270,0,0,0
0,3.048747,0,0,0,270,0,0,0
0,3.054817,0,0,0,270,0,0,0
0,3.060571,0,0,0,270,0,0,0
0,3.066249,0,0,0,270,0,0,0
0,3.086612,0,0,0,270,0,0,0
0,3.092517,0,0,0,270,0,0,0
0,3.09827,0,0,0,270,0,0,0
0,3.104537,0,0,0,270,0,0,0
0,3.110812,0,0,0,270,0,0,0
0,3.116466,0,0,0,270,0,0,0
0,3.122696,0,0,0,270,0,0,0
0,3.127989,0,0,0,270,0,0,0
0,3.134556,0,0,0,270,0,0,0
0,3.141269,0,0,0,270,0,0,0
0,3.1487,0,0,0,270,0,0,0
0,3.155591,0,0,0,270,0,0,0
0,3.16334,0,0,0,270,0,0,0
0,3.169138,0,0,0,270,0,0,0
0,3.175131,0,0,0,270,0,0,0
0,3.181387,0,0,0,270,0,0,0
0,3.187107,0,0,0,270,0,0,0
0,3.193207,0,0,0,270,0,0,0
0,3.200696,0,0,0,270,0,0,0
0,3.208349,0,0,0,270,0,0,0
0,3.215267,0,0,0,270,0,0,0
0,3.222792,0,0,0,270,0,0,0
0,3.249425,0,0,0,270,0,0,0
0,3.261164,0,0,0,270,0,0,0
0,3.268462,0,0,0,270,0,0,0
0,3.275243,0,0,0,270,0,0,0
0,3.282397,0,0,0,270,0,0,0
0,3.288998,0,0,0,270,0,0,0
0,3.296476,0,0,0,270,0,0,0
0,3.303416,0,0,0,270,0,0,0
0,3.309509,0,0,0,270,0,0,0
0,3.316383,0,0,0,270,0,0,0
0,3.32289,0,0,0,270,0,0,0
0,3.329409,0,0,0,270,0,0,0
0,3.334713,0,0,0,270,0,0,0
0,3.340842,0,0,0,270,0,0,0
0,3.351002,0,0,0,270,0,0,0
0,3.358072,0,0,0,270,0,0,0
0,3.363579,0,0,0,270,0,0,0
0,3.369371,0,0,0,270,0,0,0
0,3.375644,0,0,0,270,0,0,0
0,3.394962,0,0,0,270,0,0,0
0,3.400967,0,0,0,270,0,0,0
0,3.406546,0,0,0,270,0,0,0
0,3.412346,0,0,0,270,0,0,0
0,3.418036,0,0,0,270,0,0,0
0,3.423735,0,0,0,270,0,0,0
0,3.429705,0,0,0,270,0,0,0
0,3.435284,0,0,0,270,0,0,0
0,3.441611,0,0,0,270,0,0,0
0,3.448071,0,0,0,270,0,0,0
0,3.454102,0,0,0,270,0,0,0
0,3.462461,0,0,0,270,0,0,0
0,3.468159,0,0,0,270,0,0,0
0,3.473573,0,0,0,270,0,0,0
0,3.479802,0,0,0,270,0,0,0
0,3.485903,0,0,0,270,0,0,0
0,3.491164,0,0,0,270,0,0,0
0,3.496184,0,0,0,270,0,0,0
0,3.502727,0,0,0,270,0,0,0
0,3.509222,0,0,0,270,0,0,0
0,3.515908,0,0,0,270,0,0,0
0,3.52184,0,0,0,270,0,0,0
0,3.52776,0,0,0,270,0,0,0
0,3.546646,0,0,0,270,0,0,0
0,3.551055,0,0,0,270,0,0,0
0,3.555354,0,0,0,270,0,0,0
0,3.560531,0,0,0,270,0,0,0
0,3.566602,0,0,0,270,0,0,0
0,3.571551,0,0,0,270,0,0,0
0,3.576588,0,0,0,270,0,0,0
0,3.582273,0,0,0,270,0,0,0
0,3.588635,0,0,0,270,0,0,0
0,3.595536,0,0,0,270,0,0,0
0,3.602253,0,0,0,270,0,0,0
0,3.608892,0,0,0,270,0,0,0
0,3.614748,0,0,0,270,0,0,0
0,3.620522,0,0,0,270,0,0,0
0,3.625709,0,0,0,270,0,0,0
0,3.630351,0,0,0,270,0,0,0
0,3.635035,0,0,0,270,0,0,0
0,3.641171,0,0,0,270,0,0,0
0,3.646136,0,0,0,270,0,0,0
0,3.650416,0,0,0,270,0,0,0
0,3.655509,0,0,0,270,0,0,0
0,3.664655,0,0,0,270,0,0,0
0,3.670489,0,0,0,270,0,0,0
0,3.676093,0,0,0,270,0,0,0
0,3.681442,0,0,0,270,0,0,0
0,3.700325,0,0,0,270,0,0,0
0,3.70665,0,0,0,270,0,0,0
0,3.711682,0,0,0,270,0,0,0
0,3.716429,0,0,0,270,0,0,0
0,3.722707,0,0,0,270,0,0,0
0,3.72789,0,0,0,270,0,0,0
0,3.73239,0,0,0,270,0,0,0
0,3.736752,0,0,0,270,0,0,0
0,3.74106,0,0,0,270,0,0,0
0,3.74593,0,0,0,270,0,0,0
0,3.751052,0,0,0,270,0,0,0
0,3.755877,0,0,0,270,0,0,0
0,3.760992,0,0,0,270,0,0,0
0,3.766285,0,0,0,270,0,0,0
0,3.772362,0,0,0,270,0,0,0
0,3.777302,0,0,0,270,0,0,0
0,3.782467,0,0,0,270,0,0,0
0,3.787271,0,0,0,270,0,0,0
0,3.791963,0,0,0,270,0,0,0
0,3.797993,0,0,0,270,0,0,0
0,3.802896,0,0,0,270,0,0,0
0,3.807899,0,0,0,270,0,0,0
0,3.814162,0,0,0,270,0,0,0
0,3.820017,0,0,0,270,0,0,0
0,3.825429,0,0,0,270,0,0,0
0,3.832414,0,0,0,270,0,0,0
0,3.847548,0,0,0,270,0,0,0
0,3.851336,0,0,0,270,0,0,0
0,3.855592,0,0,0,270,0,0,0
0,3.862473,0,0,0,270,0,0,0
0,3.866873,0,0,0,270,0,0,0
0,3.872676,0,0,0,270,0,0,0
0,3.879061,0,0,0,270,0,0,0
0,3.883399,0,0,0,270,0,0,0
0,3.887505,0,0,0,270,0,0,0
0,3.892676,0,0,0,270,0,0,0
0,3.897627,0,0,0,270,0,0,0
0,3.902093,0,0,0,270,0,0,0
0,3.907377,0,0,0,270,0,0,0
0,3.912283,0,0,0,270,0,0,0
0,3.917436,0,0,0,270,0,0,0
0,3.922549,0,0,0,270,0,0,0
0,3.928094,0,0,0,270,0,0,0
0,3.933876,0,0,0,270,0,0,0
0,3.939443,0,0,0,270,0,0,0
0,3.944457,0,0,0,270,0,0,0
0,3.949887,0,0,0,270,0,0,0
0,3.954823,0,0,0,270,0,0,0
0,3.959831,0,0,0,270,0,0,0
0,3.964497,0,0,0,270,0,0,0
0,3.970305,0,0,0,270,0,0,0
0,3.97487,0,0,0,270,0,0,0
0,3.97913,0,0,0,270,0,0,0
0,3.983492,0,0,0,270,0,0,0
0,4.002919,0,0,0,270,0,0,0
0,4.007356,0,0,0,270,0,0,0
0,4.011821,0,0,0,270,0,0,0
0,4.016323,0,0,0,270,0,0,0
0,4.020975,0,0,0,270,0,0,0
0,4.02495,0,0,0,270,0,0,0
0,4.029593,0,0,0,270,0,0,0
0,4.034024,0,0,0,270,0,0,0
0,4.0391,0,0,0,270,0,0,0
0,4.044543,0,0,0,270,0,0,0
0,4.050517,0,0,0,270,0,0,0
0,4.05562,0,0,0,270,0,0,0
0,4.061662,0,0,0,270,0,0,0
0,4.06862,0,0,0,270,0,0,0
0,4.074234,0,0,0,270,0,0,0
0,4.079743,0,0,0,270,0,0,0
0,4.084573,0,0,0,270,0,0,0
0,4.090509,0,0,0,270,0,0,0
0,4.098569,0,0,0,270,0,0,0
0,4.104767,0,0,0,270,0,0,0
0,4.110164,0,0,0,270,0,0,0
0,4.115516,0,0,0,270,0,0,0
0,4.121624,0,0,0,270,0,0,0
0,4.127789,0,0,0,270,0,0,0
0,4.134262,0,0,0,270,0,0,0
0,4.157126,0,0,0,270,0,0,0
0,4.165936,0,0,0,270,0,0,0
0,4.181321,0,0,0,270,0,0,0
0,4.201831,0,0,0,270,0,0,0
0,4.209251,0,0,0,270,0,0,0
0,4.216294,0,0,0,270,0,0,0
0,4.223896,0,0,0,270,0,0,0
0,4.231498,0,0,0,270,0,0,0
0,4.239124,0,0,0,270,0,0,0
0,4.246141,0,0,0,270,0,0,0
0,4.253103,0,0,0,270,0,0,0
0,4.261704,0,0,0,270,0,0,0
0,4.26989,0,0,0,270,0,0,0
0,4.282256,0,0,0,270,0,0,0
0,4.290279,0,0,0,270,0,0,0
0,4.311542,0,0,0,270,0,0,0
0,4.31968,0,0,0,270,0,0,0
0,4.32699,0,0,0,270,0,0,0
0,4.333101,0,0,0,270,0,0,0
0,4.3401,0,0,0,270,0,0,0
0,4.346662,0,0,0,270,0,0,0
0,4.353168,0,0,0,270,0,0,0
0,4.359978,0,0,0,270,0,0,0
0,4.365914,0,0,0,270,0,0,0
0,4.372229,0,0,0,270,0,0,0
0,4.378629,0,0,0,270,0,0,0
0,4.385219,0,0,0,270,0,0,0
0,4.39106,0,0,0,270,0,0,0
0,4.398078,0,0,0,270,0,0,0
0,4.404291,0,0,0,270,0,0,0
0,4.410046,0,0,0,270,0,0,0
0,4.417849,0,0,0,270,0,0,0
0,4.424979,0,0,0,270,0,0,0
0,4.432776,0,0,0,270,0,0,0
0,4.440532,0,0,0,270,0,0,0
0,4.462742,0,0,0,270,0,0,0
0,4.469071,0,0,0,270,0,0,0
0,4.474916,0,0,0,270,0,0,0
0,4.485382,0,0,0,270,0,0,0
0,4.492526,0,0,0,270,0,0,0
0,4.499098,0,0,0,270,0,0,0
0,4.506363,0,0,0,270,0,0,0
0,4.512842,0,0,0,270,0,0,0
0,4.51974,0,0,0,270,0,0,0
0,4.525728,0,0,0,270,0,0,0
0,4.532659,0,0,0,270,0,0,0
0,4.53999,0,0,0,270,0,0,0
0,4.546832,0,0,0,270,0,0,0
0,4.552855,0,0,0,270,0,0,0
0,4.559047,0,0,0,270,0,0,0
0,4.56547,0,0,0,270,0,0,0
0,4.571969,0,0,0,270,0,0,0
0,4.579386,0,0,0,270,0,0,0
0,4.585967,0,0,0,270,0,0,0
0,4.593088,0,0,0,270,0,0,0
0,4.617274,0,0,0,270,0,0,0
0,4.624676,0,0,0,270,0,0,0
0,4.63097,0,0,0,270,0,0,0
0,4.636782,0,0,0,270,0,0,0
0,4.643175,0,0,0,270,0,0,0
0,4.649329,0,0,0,270,0,0,0
0,4.655897,0,0,0,270,0,0,0
0,4.663218,0,0,0,270,0,0,0
0,4.669179,0,0,0,270,0,0,0
0,4.675879,0,0,0,270,0,0,0
0,4.685989,0,0,0,270,0,0,0
0,4.692686,0,0,0,270,0,0,0
0,4.700298,0,0,0,270,0,0,0
0,4.706598,0,0,0,270,0,0,0
0,4.712475,0,0,0,270,0,0,0
0,4.719588,0,0,0,270,0,0,0
0,4.72634,0,0,0,270,0,0,0
0,4.731869,0,0,0,270,0,0,0
0,4.738498,0,0,0,270,0,0,0
0,4.744563,0,0,0,270,0,0,0
0,4.766313,0,0,0,270,0,0,0
0,4.772705,0,0,0,270,0,0,0
0,4.77896,0,0,0,270,0,0,0
0,4.785015,0,0,0,270,0,0,0
0,4.790588,0,0,0,270,0,0,0
0,4.796474,0,0,0,270,0,0,0
0,4.802895,0,0,0,270,0,0,0
0,4.808395,0,0,0,270,0,0,0
0,4.813896,0,0,0,270,0,0,0
0,4.820639,0,0,0,270,0,0,0
0,4.826527,0,0,0,270,0,0,0
0,4.833625,0,0,0,270,0,0,0
0,4.839255,0,0,0,270,0,0,0
0,4.843645,0,0,0,270,0,0,0
0,4.848964,0,0,0,270,0,0,0
0,4.854712,0,0,0,270,0,0,0
0,4.861092,0,0,0,270,0,0,0
0,4.867582,0,0,0,270,0,0,0
0,4.874206,0,0,0,270,0,0,0
0,4.880267,0,0,0,270,0,0,0
0,4.889086,0,0,0,270,0,0,0
0,4.89541,0,0,0,270,0,0,0
0,4.913905,0,0,0,270,0,0,0
0,4.91901,0,0,0,270,0,0,0
0,4.923551,0,0,0,270,0,0,0
0,4.927583,0,0,0,270,0,0,0
0,4.931969,0,0,0,270,0,0,0
0,4.938484,0,0,0,270,0,0,0
0,4.942755,0,0,0,270,0,0,0
0,4.948908,0,0,0,270,0,0,0
0,4.953173,0,0,0,270,0,0,0
0,4.957913,0,0,0,270,0,0,0
0,4.962687,0,0,0,270,0,0,0
0,4.967662,0,0,0,270,0,0,0
0,4.974365,0,0,0,270,0,0,0
0,4.979929,0,0,0,270,0,0,0
0,4.984762,0,0,0,270,0,0,0
0,4.98917,0,0,0,270,0,0,0
0,4.994106,0,0,0,270,0,0,0
0,5.001966,0,0,0,270,0,0,0
0,5.007137,0,0,0,270,0,0,0
0,5.01226,0,0,0,270,0,0,0
0,5.016473,0,0,0,270,0,0,0
0,5.021656,0,0,0,270,0,0,0
0,5.026314,0,0,0,270,0,0,0
0,5.031647,0,0,0,270,0,0,0
0,5.037464,0,0,0,270,0,0,0
0,5.04302,0,0,0,270,0,0,0
0,5.048206,0,0,0,270,0,0,0
0,5.064409,0,0,0,270,0,0,0
0,5.069144,0,0,0,270,0,0,0
0,5.074492,0,0,0,270,0,0,0
0,5.080418,0,0,0,270,0,0,0
0,5.087053,0,0,0,270,0,0,0
0,5.091395,0,0,0,270,0,0,0
0,5.095533,0,0,0,270,0,0,0
0,5.101374,0,0,0,270,0,0,0
0,5.106604,0,0,0,270,0,0,0
0,5.112876,0,0,0,270,0,0,0
0,5.117763,0,0,0,270,0,0,0
0,5.12218,0,0,0,270,0,0,0
0,5.12664,0,0,0,270,0,0,0
0,5.131194,0,0,0,270,0,0,0
0,5.135918,0,0,0,270,0,0,0
0,5.141239,0,0,0,270,0,0,0
0,5.147157,0,0,0,270,0,0,0
0,5.151509,0,0,0,270,0,0,0
0,5.156282,0,0,0,270,0,0,0
0,5.161765,0,0,0,270,0,0,0
0,5.166737,0,0,0,270,0,0,0
0,5.1727,0,0,0,270,0,0,0
0,5.177727,0,0,0,270,0,0,0
0,5.1826,0,0,0,270,0,0,0
0,5.188744,0,0,0,270,0,0,0
0,5.193689,0,0,0,270,0,0,0
0,5.199738,0,0,0,270,0,0,0
0,5.216113,0,0,0,270,0,0,0
0,5.222401,0,0,0,270,0,0,0
0,5.227747,0,0,0,270,0,0,0
0,5.232601,0,0,0,270,0,0,0
0,5.239034,0,0,0,270,0,0,0
0,5.245451,0,0,0,270,0,0,0
0,5.25127,0,0,0,270,0,0,0
0,5.258593,0,0,0,270,0,0,0
0,5.263902,0,0,0,270,0,0,0
0,5.269266,0,0,0,270,0,0,0
0,5.275657,0,0,0,270,0,0,0
0,5.281302,0,0,0,270,0,0,0
0,5.289565,0,0,0,270,0,0,0
0,5.294395,0,0,0,270,0,0,0
0,5.299664,0,0,0,270,0,0,0
0,5.304421,0,0,0,270,0,0,0
0,5.309603,0,0,0,270,0,0,0
0,5.31515,0,0,0,270,0,0,0
0,5.32231,0,0,0,270,0,0,0
0,5.329112,0,0,0,270,0,0,0
0,5.335826,0,0,0,270,0,0,0
0,5.342925,0,0,0,270,0,0,0
0,5.352202,0,0,0,270,0,0,0
0,5.374995,0,0,0,270,0,0,0
0,5.381664,0,0,0,270,0,0,0
0,5.387735,0,0,0,270,0,0,0
0,5.395262,0,0,0,270,0,0,0
0,5.401817,0,0,0,270,0,0,0
0,5.40867,0,0,0,270,0,0,0
0,5.414384,0,0,0,270,0,0,0
0,5.421559,0,0,0,270,0,0,0
0,5.42949,0,0,0,270,0,0,0
0,5.438228,0,0,0,270,0,0,0
0,5.447159,0,0,0,270,0,0,0
0,5.454515,0,0,0,270,0,0,0
0,5.461983,0,0,0,270,0,0,0
0,5.468776,0,0,0,270,0,0,0
0,5.475708,0,0,0,270,0,0,0
0,5.482268,0,0,0,270,0,0,0
0,5.492269,0,0,0,270,0,0,0
0,5.499125,0,0,0,270,0,0,0
0,5.506346,0,0,0,270,0,0,0
0,5.527889,0,0,0,270,0,0,0
0,5.534499,0,0,0,270,0,0,0
0,5.541678,0,0,0,270,0,0,0
0,5.548618,0,0,0,270,0,0,0
0,5.555696,0,0,0,270,0,0,0
0,5.562858,0,0,0,270,0,0,0
0,5.569908,0,0,0,270,0,0,0
0,5.578201,0,0,0,270,0,0,0
0,5.58563,0,0,0,270,0,0,0
0,5.592192,0,0,0,270,0,0,0
0,5.599248,0,0,0,270,0,0,0
0,5.606009,0,0,0,270,0,0,0
0,5.612367,0,0,0,270,0,0,0
0,5.618768,0,0,0,270,0,0,0
0,5.624651,0,0,0,270,0,0,0
0,5.630607,0,0,0,270,0,0,0
0,5.638634,0,0,0,270,0,0,0
0,5.645876,0,0,0,270,0,0,0
0,5.652341,0,0,0,270,0,0,0
0,5.660164,0,0,0,270,0,0,0
0,5.68324,0,0,0,270,0,0,0
0,5.693507,0,0,0,270,0,0,0
0,5.700404,0,0,0,270,0,0,0
0,5.706895,0,0,0,270,0,0,0
0,5.713084,0,0,0,270,0,0,0
0,5.719998,0,0,0,270,0,0,0
0,5.726302,0,0,0,270,0,0,0
0,5.733573,0,0,0,270,0,0,0
0,5.741362,0,0,0,270,0,0,0
0,5.748214,0,0,0,270,0,0,0
0,5.755507,0,0,0,270,0,0,0
0,5.762286,0,0,0,270,0,0,0
0,5.767942,0,0,0,270,0,0,0
0,5.774181,0,0,0,270,0,0,0
0,5.780629,0,0,0,270,0,0,0
0,5.786709,0,0,0,270,0,0,0
0,5.793432,0,0,0,270,0,0,0
0,5.800525,0,0,0,270,0,0,0
0,5.805906,0,0,0,270,0,0,0
0,5.812511,0,0,0,270,0,0,0
0,5.835527,0,0,0,270,0,0,0
0,5.842495,0,0,0,270,0,0,0
0,5.848791,0,0,0,270,0,0,0
0,5.855942,0,0,0,270,0,0,0
0,5.863034,0,0,0,270,0,0,0
0,5.87042,0,0,0,270,0,0,0
0,5.878027,0,0,0,270,0,0,0
0,5.88565,0,0,0,270,0,0,0
0,5.896035,0,0,0,270,0,0,0
0,5.903466,0,0,0,270,0,0,0
0,5.911798,0,0,0,270,0,0,0
0,5.919246,0,0,0,270,0,0,0
0,5.926266,0,0,0,270,0,0,0
0,5.93254,0,0,0,270,0,0,0
0,5.939903,0,0,0,270,0,0,0
0,5.946233,0,0,0,270,0,0,0
0,5.952605,0,0,0,270,0,0,0
0,5.959481,0,0,0,270,0,0,0
0,5.965214,0,0,0,270,0,0,0
0,5.984778,0,0,0,270,0,0,0
0,5.990006,0,0,0,270,0,0,0
0,5.996696,0,0,0,270,0,0,0
0,6.003291,0,0,0,270,0,0,0
0,6.009284,0,0,0,270,0,0,0
0,6.015716,0,0,0,270,0,0,0
0,6.02208,0,0,0,270,0,0,0
0,6.027058,0,0,0,270,0,0,0
0,6.033176,0,0,0,270,0,0,0
0,6.03936,0,0,0,270,0,0,0
0,6.044786,0,0,0,270,0,0,0
0,6.05031,0,0,0,270,0,0,0
0,6.055352,0,0,0,270,0,0,0
0,6.060479,0,0,0,270,0,0,0
0,6.066713,0,0,0,270,0,0,0
0,6.071825,0,0,0,270,0,0,0
0,6.078125,0,0,0,270,0,0,0
0,6.083144,0,0,0,270,0,0,0
0,6.089228,0,0,0,270,0,0,0
0,6.100126,0,0,0,270,0,0,0
0,6.106221,0,0,0,270,0,0,0
0,6.111793,0,0,0,270,0,0,0
0,6.117991,0,0,0,270,0,0,0
0,6.133461,0,0,0,270,0,0,0
0,6.13821,0,0,0,270,0,0,0
0,6.142997,0,0,0,270,0,0,0
0,6.147945,0,0,0,270,0,0,0
0,6.152755,0,0,0,270,0,0,0
0,6.158158,0,0,0,270,0,0,0
0,6.163671,0,0,0,270,0,0,0
0,6.168719,0,0,0,270,0,0,0
0,6.174442,0,0,0,270,0,0,0
0,6.18072,0,0,0,270,0,0,0
0,6.186401,0,0,0,270,0,0,0
0,6.191839,0,0,0,270,0,0,0
0,6.198142,0,0,0,270,0,0,0
0,6.20422,0,0,0,270,0,0,0
0,6.210028,0,0,0,270,0,0,0
0,6.215396,0,0,0,270,0,0,0
0,6.222238,0,0,0,270,0,0,0
0,6.227587,0,0,0,270,0,0,0
0,6.232549,0,0,0,270,0,0,0
0,6.238208,0,0,0,270,0,0,0
0,6.24414,0,0,0,270,0,0,0
0,6.249504,0,0,0,270,0,0,0
0,6.255804,0,0,0,270,0,0,0
0,6.261784,0,0,0,270,0,0,0
0,6.268478,0,0,0,270,0,0,0
0,6.288918,0,0,0,270,0,0,0
0,6.295887,0,0,0,270,0,0,0
0,6.305072,0,0,0,270,0,0,0
0,6.313661,0,0,0,270,0,0,0
0,6.319737,0,0,0,270,0,0,0
0,6.325363,0,0,0,270,0,0,0
0,6.331034,0,0,0,270,0,0,0
0,6.336274,0,0,0,270,0,0,0
0,6.341972,0,0,0,270,0,0,0
0,6.347858,0,0,0,270,0,0,0
0,6.360094,0,0,0,270,0,0,0
0,6.375093,0,0,0,270,0,0,0
0,6.381142,0,0,0,270,0,0,0
0,6.38736,0,0,0,270,0,0,0
0,6.39351,0,0,0,270,0,0,0
0,6.399928,0,0,0,270,0,0,0
0,6.405215,0,0,0,270,0,0,0
0,6.409966,0,0,0,270,0,0,0
0,6.414997,0,0,0,270,0,0,0
0,6.420806,0,0,0,270,0,0,0
0,6.441538,0,0,0,270,0,0,0
0,6.448015,0,0,0,270,0,0,0
0,6.453564,0,0,0,270,0,0,0
0,6.46029,0,0,0,270,0,0,0
0,6.466466,0,0,0,270,0,0,0
0,6.472861,0,0,0,270,0,0,0
0,6.478745,0,0,0,270,0,0,0
0,6.484307,0,0,0,270,0,0,0
0,6.489958,0,0,0,270,0,0,0
0,6.495637,0,0,0,270,0,0,0
0,6.507174,0,0,0,270,0,0,0
0,6.513017,0,0,0,270,0,0,0
0,6.520325,0,0,0,270,0,0,0
0,6.527366,0,0,0,270,0,0,0
0,6.534144,0,0,0,270,0,0,0
0,6.540867,0,0,0,270,0,0,0
0,6.554217,0,0,0,270,0,0,0
0,6.564812,0,0,0,270,0,0,0
0,6.571812,0,0,0,270,0,0,0
0,6.59754,0,0,0,270,0,0,0
0,6.605862,0,0,0,270,0,0,0
0,6.612578,0,0,0,270,0,0,0
0,6.619066,0,0,0,270,0,0,0
0,6.625252,0,0,0,270,0,0,0
0,6.63183,0,0,0,270,0,0,0
0,6.638069,0,0,0,270,0,0,0
0,6.644143,0,0,0,270,0,0,0
0,6.649826,0,0,0,270,0,0,0
0,6.655294,0,0,0,270,0,0,0
0,6.662421,0,0,0,270,0,0,0
0,6.66874,0,0,0,270,0,0,0
0,6.675261,0,0,0,270,0,0,0
0,6.682382,0,0,0,270,0,0,0
0,6.689153,0,0,0,270,0,0,0
0,6.695669,0,0,0,270,0,0,0
0,6.70214,0,0,0,270,0,0,0
0,6.712794,0,0,0,270,0,0,0
0,6.719225,0,0,0,270,0,0,0
0,6.726086,0,0,0,270,0,0,0
0,6.751288,0,0,0,270,0,0,0
0,6.759634,0,0,0,270,0,0,0
0,6.766434,0,0,0,270,0,0,0
0,6.77307,0,0,0,270,0,0,0
0,6.78087,0,0,0,270,0,0,0
0,6.787971,0,0,0,270,0,0,0
0,6.794126,0,0,0,270,0,0,0
0,6.801816,0,0,0,270,0,0,0
0,6.810238,0,0,0,270,0,0,0
0,6.817856,0,0,0,270,0,0,0
0,6.824123,0,0,0,270,0,0,0
0,6.831586,0,0,0,270,0,0,0
0,6.839033,0,0,0,270,0,0,0
0,6.847753,0,0,0,270,0,0,0
0,6.854909,0,0,0,270,0,0,0
0,6.863245,0,0,0,270,0,0,0
0,6.87044,0,0,0,270,0,0,0
0,6.877545,0,0,0,270,0,0,0
0,6.89963,0,0,0,270,0,0,0
0,6.905169,0,0,0,270,0,0,0
0,6.914413,0,0,0,270,0,0,0
0,6.921198,0,0,0,270,0,0,0
0,6.927668,0,0,0,270,0,0,0
0,6.934281,0,0,0,270,0,0,0
0,6.942933,0,0,0,270,0,0,0
0,6.948961,0,0,0,270,0,0,0
0,6.955457,0,0,0,270,0,0,0
0,6.962248,0,0,0,270,0,0,0
0,6.969359,0,0,0,270,0,0,0
0,6.975649,0,0,0,270,0,0,0
0,6.982195,0,0,0,270,0,0,0
0,6.989226,0,0,0,270,0,0,0
0,6.995745,0,0,0,270,0,0,0
0,7.002834,0,0,0,270,0,0,0
0,7.00876,0,0,0,270,0,0,0
0,7.014654,0,0,0,270,0,0,0
0,7.021717,0,0,0,270,0,0,0
0,7.028851,0,0,0,270,0,0,0
0,7.051085,0,0,0,270,0,0,0
0,7.058211,0,0,0,270,0,0,0
0,7.0642,0,0,0,270,0,0,0
0,7.06947,0,0,0,270,0,0,0
0,7.075139,0,0,0,270,0,0,0
0,7.081826,0,0,0,270,0,0,0
0,7.087667,0,0,0,270,0,0,0
0,7.093876,0,0,0,270,0,0,0
0,7.100429,0,0,0,270,0,0,0
0,7.107054,0,0,0,270,0,0,0
0,7.115937,0,0,0,270,0,0,0
0,7.122459,0,0,0,270,0,0,0
0,7.128299,0,0,0,270,0,0,0
0,7.134786,0,0,0,270,0,0,0
0,7.141866,0,0,0,270,0,0,0
0,7.148052,0,0,0,270,0,0,0
0,7.154202,0,0,0,270,0,0,0
0,7.161584,0,0,0,270,0,0,0
0,7.167457,0,0,0,270,0,0,0
0,7.174365,0,0,0,270,0,0,0
0,7.181184,0,0,0,270,0,0,0
0,7.200991,0,0,0,270,0,0,0
0,7.207702,0,0,0,270,0,0,0
0,7.213633,0,0,0,270,0,0,0
0,7.221725,0,0,0,270,0,0,0
0,7.228003,0,0,0,270,0,0,0
0,7.234936,0,0,0,270,0,0,0
0,7.24157,0,0,0,270,0,0,0
0,7.247865,0,0,0,270,0,0,0
0,7.254361,0,0,0,270,0,0,0
0,7.26077,0,0,0,270,0,0,0
0,7.267529,0,0,0,270,0,0,0
0,7.274676,0,0,0,270,0,0,0
0,7.281103,0,0,0,270,0,0,0
0,7.286924,0,0,0,270,0,0,0
0,7.292254,0,0,0,270,0,0,0
0,7.298722,0,0,0,270,0,0,0
0,7.304609,0,0,0,270,0,0,0
0,7.311316,0,0,0,270,0,0,0
0,7.32067,0,0,0,270,0,0,0
0,7.326772,0,0,0,270,0,0,0
0,7.333427,0,0,0,270,0,0,0
0,7.355358,0,0,0,270,0,0,0
0,7.362718,0,0,0,270,0,0,0
0,7.36888,0,0,0,270,0,0,0
0,7.376348,0,0,0,270,0,0,0
0,7.382529,0,0,0,270,0,0,0
0,7.387936,0,0,0,270,0,0,0
0,7.394104,0,0,0,270,0,0,0
0,7.400014,0,0,0,270,0,0,0
0,7.406246,0,0,0,270,0,0,0
0,7.412115,0,0,0,270,0,0,0
0,7.418633,0,0,0,270,0,0,0
0,7.426934,0,0,0,270,0,0,0
0,7.433815,0,0,0,270,0,0,0
0,7.441378,0,0,0,270,0,0,0
0,7.447854,0,0,0,270,0,0,0
0,7.455891,0,0,0,270,0,0,0
0,7.463236,0,0,0,270,0,0,0
0,7.469927,0,0,0,270,0,0,0
0,7.476672,0,0,0,270,0,0,0
0,7.484961,0,0,0,270,0,0,0
0,7.50937,0,0,0,270,0,0,0
0,7.515083,0,0,0,270,0,0,0
0,7.524317,0,0,0,270,0,0,0
0,7.529797,0,0,0,270,0,0,0
0,7.534801,0,0,0,270,0,0,0
0,7.541171,0,0,0,270,0,0,0
0,7.546271,0,0,0,270,0,0,0
0,7.551453,0,0,0,270,0,0,0
0,7.557625,0,0,0,270,0,0,0
0,7.562871,0,0,0,270,0,0,0
0,7.567562,0,0,0,270,0,0,0
0,7.573597,0,0,0,270,0,0,0
0,7.580239,0,0,0,270,0,0,0
0,7.585217,0,0,0,270,0,0,0
0,7.590246,0,0,0,270,0,0,0
0,7.595305,0,0,0,270,0,0,0
0,7.600118,0,0,0,270,0,0,0
0,7.605037,0,0,0,270,0,0,0
0,7.611271,0,0,0,270,0,0,0
0,7.61808,0,0,0,270,0,0,0
0,7.625306,0,0,0,270,0,0,0
0,7.63076,0,0,0,270,0,0,0
0,7.636796,0,0,0,270,0,0,0
0,7.654909,0,0,0,270,0,0,0
0,7.661327,0,0,0,270,0,0,0
0,7.666311,0,0,0,270,0,0,0
0,7.671684,0,0,0,270,0,0,0
0,7.678721,0,0,0,270,0,0,0
0,7.68571,0,0,0,270,0,0,0
0,7.693895,0,0,0,270,0,0,0
0,7.69884,0,0,0,270,0,0,0
0,7.704906,0,0,0,270,0,0,0
0,7.709993,0,0,0,270,0,0,0
0,7.715326,0,0,0,270,0,0,0
0,7.723859,0,0,0,270,0,0,0
0,7.729562,0,0,0,270,0,0,0
0,7.736179,0,0,0,270,0,0,0
0,7.74363,0,0,0,270,0,0,0
0,7.749322,0,0,0,270,0,0,0
0,7.755242,0,0,0,270,0,0,0
0,7.761645,0,0,0,270,0,0,0
0,7.767447,0,0,0,270,0,0,0
0,7.773081,0,0,0,270,0,0,0
0,7.77895,0,0,0,270,0,0,0
0,7.784678,0,0,0,270,0,0,0
0,7.790575,0,0,0,270,0,0,0
0,7.811698,0,0,0,270,0,0,0
0,7.818069,0,0,0,270,0,0,0
0,7.824137,0,0,0,270,0,0,0
0,7.831882,0,0,0,270,0,0,0
0,7.837373,0,0,0,270,0,0,0
0,7.842102,0,0,0,270,0,0,0
0,7.84705,0,0,0,270,0,0,0
0,7.851874,0,0,0,270,0,0,0
0,7.857315,0,0,0,270,0,0,0
0,7.863168,0,0,0,270,0,0,0
0,7.868015,0,0,0,270,0,0,0
0,7.874472,0,0,0,270,0,0,0
0,7.882067,0,0,0,270,0,0,0
0,7.889016,0,0,0,270,0,0,0
0,7.895992,0,0,0,270,0,0,0
0,7.90131,0,0,0,270,0,0,0
0,7.90769,0,0,0,270,0,0,0
0,7.912773,0,0,0,270,0,0,0
0,7.918073,0,0,0,270,0,0,0
0,7.927415,0,0,0,270,0,0,0
0,7.934022,0,0,0,270,0,0,0
0,7.940136,0,0,0,270,0,0,0
0,7.945594,0,0,0,270,0,0,0
0,7.965988,0,0,0,270,0,0,0
0,7.972177,0,0,0,270,0,0,0
0,7.97933,0,0,0,270,0,0,0
0,7.985796,0,0,0,270,0,0,0
0,7.991829,0,0,0,270,0,0,0
0,8.000461,0,0,0,270,0,0,0
0,8.007416,0,0,0,270,0,0,0
0,8.014191,0,0,0,270,0,0,0
0,8.021517,0,0,0,270,0,0,0
0,8.028191,0,0,0,270,0,0,0
0,8.034853,0,0,0,270,0,0,0
0,8.041647,0,0,0,270,0,0,0
0,8.047852,0,0,0,270,0,0,0
0,8.055217,0,0,0,270,0,0,0
0,8.063137,0,0,0,270,0,0,0
0,8.07042,0,0,0,270,0,0,0
0,8.077847,0,0,0,270,0,0,0
0,8.085104,0,0,0,270,0,0,0
0,8.092292,0,0,0,270,0,0,0
0,8.099842,0,0,0,270,0,0,0
0,8.122551,0,0,0,270,0,0,0
0,8.132911,0,0,0,270,0,0,0
0,8.139745,0,0,0,270,0,0,0
0,8.146256,0,0,0,270,0,0,0
0,8.152863,0,0,0,270,0,0,0
0,8.159637,0,0,0,270,0,0,0
0,8.165354,0,0,0,270,0,0,0
0,8.171106,0,0,0,270,0,0,0
0,8.176871,0,0,0,270,0,0,0
0,8.183291,0,0,0,270,0,0,0
0,8.189819,0,0,0,270,0,0,0
0,8.196283,0,0,0,270,0,0,0
0,8.202664,0,0,0,270,0,0,0
0,8.20958,0,0,0,270,0,0,0
0,8.216215,0,0,0,270,0,0,0
0,8.222526,0,0,0,270,0,0,0
0,8.229101,0,0,0,270,0,0,0
0,8.235943,0,0,0,270,0,0,0
0,8.244569,0,0,0,270,0,0,0
0,8.251875,0,0,0,270,0,0,0
0,8.274579,0,0,0,270,0,0,0
0,8.281686,0,0,0,270,0,0,0
0,8.288611,0,0,0,270,0,0,0
0,8.295304,0,0,0,270,0,0,0
0,8.302973,0,0,0,270,0,0,0
0,8.309588,0,0,0,270,0,0,0
0,8.316222,0,0,0,270,0,0,0
0,8.322976,0,0,0,270,0,0,0
0,8.332658,0,0,0,270,0,0,0
0,8.340042,0,0,0,270,0,0,0
0,8.346277,0,0,0,270,0,0,0
0,8.353385,0,0,0,270,0,0,0
0,8.360051,0,0,0,270,0,0,0
0,8.366314,0,0,0,270,0,0,0
0,8.372146,0,0,0,270,0,0,0
0,8.378735,0,0,0,270,0,0,0
0,8.385086,0,0,0,270,0,0,0
0,8.391487,0,0,0,270,0,0,0
0,8.398501,0,0,0,270,0,0,0
0,8.404963,0,0,0,270,0,0,0
0,8.426573,0,0,0,270,0,0,0
0,8.432849,0,0,0,270,0,0,0
0,8.440104,0,0,0,270,0,0,0
0,8.446869,0,0,0,270,0,0,0
0,8.454265,0,0,0,270,0,0,0
0,8.462206,0,0,0,270,0,0,0
0,8.473895,0,0,0,270,0,0,0
0,8.482052,0,0,0,270,0,0,0
0,8.489311,0,0,0,270,0,0,0
0,8.496315,0,0,0,270,0,0,0
0,8.503952,0,0,0,270,0,0,0
0,8.510064,0,0,0,270,0,0,0
0,8.516809,0,0,0,270,0,0,0
0,8.522755,0,0,0,270,0,0,0
0,8.528181,0,0,0,270,0,0,0
0,8.535336,0,0,0,270,0,0,0
0,8.541021,0,0,0,270,0,0,0
0,8.54726,0,0,0,270,0,0,0
0,8.553064,0,0,0,270,0,0,0
0,8.559167,0,0,0,270,0,0,0
0,8.579099,0,0,0,270,0,0,0
0,8.585127,0,0,0,270,0,0,0
0,8.592282,0,0,0,270,0,0,0
0,8.598756,0,0,0,270,0,0,0
0,8.604718,0,0,0,270,0,0,0
0,8.610559,0,0,0,270,0,0,0
0,8.616537,0,0,0,270,0,0,0
0,8.623229,0,0,0,270,0,0,0
0,8.629232,0,0,0,270,0,0,0
0,8.635164,0,0,0,270,0,0,0
0,8.648421,0,0,0,270,0,0,0
0,8.663727,0,0,0,270,0,0,0
0,8.669374,0,0,0,270,0,0,0
0,8.675199,0,0,0,270,0,0,0
0,8.682347,0,0,0,270,0,0,0
0,8.688556,0,0,0,270,0,0,0
0,8.694319,0,0,0,270,0,0,0
0,8.699945,0,0,0,270,0,0,0
0,8.706777,0,0,0,270,0,0,0
0,8.713196,0,0,0,270,0,0,0
0,8.732525,0,0,0,270,0,0,0
0,8.741703,0,0,0,270,0,0,0
0,8.747519,0,0,0,270,0,0,0
0,8.753633,0,0,0,270,0,0,0
0,8.759732,0,0,0,270,0,0,0
0,8.766102,0,0,0,270,0,0,0
0,8.772013,0,0,0,270,0,0,0
0,8.777259,0,0,0,270,0,0,0
0,8.783184,0,0,0,270,0,0,0
0,8.788244,0,0,0,270,0,0,0
0,8.793521,0,0,0,270,0,0,0
0,8.799196,0,0,0,270,0,0,0
0,8.804468,0,0,0,270,0,0,0
0,8.808952,0,0,0,270,0,0,0
0,8.813262,0,0,0,270,0,0,0
0,8.818329,0,0,0,270,0,0,0
0,8.823328,0,0,0,270,0,0,0
0,8.829283,0,0,0,270,0,0,0
0,8.834334,0,0,0,270,0,0,0
0,8.839662,0,0,0,270,0,0,0
0,8.844895,0,0,0,270,0,0,0
0,8.850211,0,0,0,270,0,0,0
0,8.855149,0,0,0,270,0,0,0
0,8.860841,0,0,0,270,0,0,0
0,8.866407,0,0,0,270,0,0,0
0,8.883644,0,0,0,270,0,0,0
0,8.889109,0,0,0,270,0,0,0
0,8.894917,0,0,0,270,0,0,0
0,8.901898,0,0,0,270,0,0,0
0,8.907326,0,0,0,270,0,0,0
0,8.912647,0,0,0,270,0,0,0
0,8.918036,0,0,0,270,0,0,0
0,8.923391,0,0,0,270,0,0,0
0,8.928426,0,0,0,270,0,0,0
0,8.933761,0,0,0,270,0,0,0
0,8.941566,0,0,0,270,0,0,0
0,8.947101,0,0,0,270,0,0,0
0,8.952662,0,0,0,270,0,0,0
0,8.958385,0,0,0,270,0,0,0
0,8.963408,0,0,0,270,0,0,0
0,8.968111,0,0,0,270,0,0,0
0,8.97331,0,0,0,270,0,0,0
0,8.978712,0,0,0,270,0,0,0
0,8.984745,0,0,0,270,0,0,0
0,8.990131,0,0,0,270,0,0,0
0,8.995164,0,0,0,270,0,0,0
0,9.001129,0,0,0,270,0,0,0
0,9.005921,0,0,0,270,0,0,0
0,9.010781,0,0,0,270,0,0,0
0,9.015527,0,0,0,270,0,0,0
0,9.021427,0,0,0,270,0,0,0
0,9.040343,0,0,0,270,0,0,0
0,9.046027,0,0,0,270,0,0,0
0,9.051627,0,0,0,270,0,0,0
0,9.057251,0,0,0,270,0,0,0
0,9.062968,0,0,0,270,0,0,0
0,9.067769,0,0,0,270,0,0,0
0,9.073485,0,0,0,270,0,0,0
0,9.078739,0,0,0,270,0,0,0
0,9.084478,0,0,0,270,0,0,0
0,9.090128,0,0,0,270,0,0,0
0,9.095747,0,0,0,270,0,0,0
0,9.101619,0,0,0,270,0,0,0
0,9.10703,0,0,0,270,0,0,0
0,9.112709,0,0,0,270,0,0,0
0,9.118855,0,0,0,270,0,0,0
0,9.123634,0,0,0,270,0,0,0
0,9.128954,0,0,0,270,0,0,0
0,9.135139,0,0,0,270,0,0,0
0,9.143773,0,0,0,270,0,0,0
0,9.149215,0,0,0,270,0,0,0
0,9.160703,0,0,0,270,0,0,0
0,9.166691,0,0,0,270,0,0,0
0,9.172649,0,0,0,270,0,0,0
0,9.192226,0,0,0,270,0,0,0
0,9.197571,0,0,0,270,0,0,0
0,9.203301,0,0,0,270,0,0,0
0,9.209297,0,0,0,270,0,0,0
0,9.215443,0,0,0,270,0,0,0
0,9.222472,0,0,0,270,0,0,0
0,9.228361,0,0,0,270,0,0,0
0,9.234325,0,0,0,270,0,0,0
0,9.242334,0,0,0,270,0,0,0
0,9.24826,0,0,0,270,0,0,0
0,9.269119,0,0,0,270,0,0,0
0,9.280048,0,0,0,270,0,0,0
0,9.286306,0,0,0,270,0,0,0
0,9.293492,0,0,0,270,0,0,0
0,9.301538,0,0,0,270,0,0,0
0,9.308651,0,0,0,270,0,0,0
0,9.316218,0,0,0,270,0,0,0
0,9.323853,0,0,0,270,0,0,0
0,9.347942,0,0,0,270,0,0,0
0,9.357072,0,0,0,270,0,0,0
0,9.366063,0,0,0,270,0,0,0
0,9.373129,0,0,0,270,0,0,0
0,9.381214,0,0,0,270,0,0,0
0,9.388251,0,0,0,270,0,0,0
0,9.400185,0,0,0,270,0,0,0
0,9.411711,0,0,0,270,0,0,0
0,9.41855,0,0,0,270,0,0,0
0,9.425469,0,0,0,270,0,0,0
0,9.432024,0,0,0,270,0,0,0
0,9.440868,0,0,0,270,0,0,0
0,9.448314,0,0,0,270,0,0,0
0,9.453875,0,0,0,270,0,0,0
0,9.460935,0,0,0,270,0,0,0
0,9.46745,0,0,0,270,0,0,0
0,9.473935,0,0,0,270,0,0,0
0,9.498525,0,0,0,270,0,0,0
0,9.50536,0,0,0,270,0,0,0
0,9.51333,0,0,0,270,0,0,0
0,9.521772,0,0,0,270,0,0,0
0,9.528765,0,0,0,270,0,0,0
0,9.536504,0,0,0,270,0,0,0
0,9.543867,0,0,0,270,0,0,0
0,9.550649,0,0,0,270,0,0,0
0,9.560197,0,0,0,270,0,0,0
0,9.566322,0,0,0,270,0,0,0
0,9.573381,0,0,0,270,0,0,0
0,9.580156,0,0,0,270,0,0,0
0,9.586912,0,0,0,270,0,0,0
0,9.593246,0,0,0,270,0,0,0
0,9.600341,0,0,0,270,0,0,0
0,9.608181,0,0,0,270,0,0,0
0,9.615431,0,0,0,270,0,0,0
0,9.622844,0,0,0,270,0,0,0
0,9.630094,0,0,0,270,0,0,0
0,9.65133,0,0,0,270,0,0,0
0,9.658072,0,0,0,270,0,0,0
0,9.664723,0,0,0,270,0,0,0
0,9.671041,0,0,0,270,0,0,0
0,9.679113,0,0,0,270,0,0,0
0,9.685338,0,0,0,270,0,0,0
0,9.69244,0,0,0,270,0,0,0
0,9.699124,0,0,0,270,0,0,0
0,9.705904,0,0,0,270,0,0,0
0,9.71174,0,0,0,270,0,0,0
0,9.719419,0,0,0,270,0,0,0
0,9.726073,0,0,0,270,0,0,0
0,9.732837,0,0,0,270,0,0,0
0,9.740209,0,0,0,270,0,0,0
0,9.746739,0,0,0,270,0,0,0
0,9.753502,0,0,0,270,0,0,0
0,9.76278,0,0,0,270,0,0,0
0,9.769564,0,0,0,270,0,0,0
0,9.776244,0,0,0,270,0,0,0
0,9.784317,0,0,0,270,0,0,0
0,9.806603,0,0,0,270,0,0,0
0,9.812528,0,0,0,270,0,0,0
0,9.820209,0,0,0,270,0,0,0
0,9.825671,0,0,0,270,0,0,0
0,9.831249,0,0,0,270,0,0,0
0,9.836699,0,0,0,270,0,0,0
0,9.843189,0,0,0,270,0,0,0
0,9.849161,0,0,0,270,0,0,0
0,9.854931,0,0,0,270,0,0,0
0,9.861511,0,0,0,270,0,0,0
0,9.867095,0,0,0,270,0,0,0
0,9.872958,0,0,0,270,0,0,0
0,9.878902,0,0,0,270,0,0,0
0,9.884632,0,0,0,270,0,0,0
0,9.89083,0,0,0,270,0,0,0
0,9.895987,0,0,0,270,0,0,0
0,9.901691,0,0,0,270,0,0,0
0,9.907466,0,0,0,270,0,0,0
0,9.912801,0,0,0,270,0,0,0
0,9.918339,0,0,0,270,0,0,0
0,9.923869,0,0,0,270,0,0,0
0,9.930846,0,0,0,270,0,0,0
0,9.93662,0,0,0,270,0,0,0
0,9.954939,0,0,0,270,0,0,0
0,9.964386,0,0,0,270,0,0,0
0,9.971258,0,0,0,270,0,0,0
0,9.977623,0,0,0,270,0,0,0
0,9.983599,0,0,0,270,0,0,0
0,9.991261,0,0,0,270,0,0,0
0,9.996805,0,0,0,270,0,0,0
0,10.00289,0,0,0,270,0,0,0
0,10.00895,0,0,0,270,0,0,0
0,10.01487,0,0,0,270,0,0,0
0,10.02154,0,0,0,270,0,0,0
0,10.02664,0,0,0,270,0,0,0
0,10.03243,0,0,0,270,0,0,0
0,10.0376,0,0,0,270,0,0,0
0,10.04337,0,0,0,270,0,0,0
0,10.049,0,0,0,270,0,0,0
0,10.0537,0,0,0,270,0,0,0
0,10.05932,0,0,0,270,0,0,0
0,10.06471,0,0,0,270,0,0,0
0,10.06986,0,0,0,270,0,0,0
0,10.07462,0,0,0,270,0,0,0
0,10.07995,0,0,0,270,0,0,0
0,10.08459,0,0,0,270,0,0,0
0,10.08903,0,0,0,270,0,0,0
0,10.10673,0,0,0,270,0,0,0
0,10.11301,0,0,0,270,0,0,0
0,10.11808,0,0,0,270,0,0,0
0,10.1231,0,0,0,270,0,0,0
0,10.12749,0,0,0,270,0,0,0
0,10.1322,0,0,0,270,0,0,0
0,10.13622,0,0,0,270,0,0,0
0,10.14172,0,0,0,270,0,0,0
0,10.14718,0,0,0,270,0,0,0
0,10.15192,0,0,0,270,0,0,0
0,10.15633,0,0,0,270,0,0,0
0,10.16441,0,0,0,270,0,0,0
0,10.16894,0,0,0,270,0,0,0
0,10.17484,0,0,0,270,0,0,0
0,10.18144,0,0,0,270,0,0,0
0,10.18697,0,0,0,270,0,0,0
0,10.19281,0,0,0,270,0,0,0
0,10.1977,0,0,0,270,0,0,0
0,10.20287,0,0,0,270,0,0,0
0,10.20735,0,0,0,270,0,0,0
0,10.21193,0,0,0,270,0,0,0
0,10.21634,0,0,0,270,0,0,0
0,10.22177,0,0,0,270,0,0,0
0,10.2263,0,0,0,270,0,0,0
0,10.23151,0,0,0,270,0,0,0
0,10.23553,0,0,0,270,0,0,0
0,10.24095,0,0,0,270,0,0,0
0,10.25525,0,0,0,270,0,0,0
0,10.2605,0,0,0,270,0,0,0
0,10.26578,0,0,0,270,0,0,0
0,10.27151,0,0,0,270,0,0,0
0,10.27629,0,0,0,270,0,0,0
0,10.2815,0,0,0,270,0,0,0
0,10.28689,0,0,0,270,0,0,0
0,10.29199,0,0,0,270,0,0,0
0,10.29801,0,0,0,270,0,0,0
0,10.30377,0,0,0,270,0,0,0
0,10.30864,0,0,0,270,0,0,0
0,10.31336,0,0,0,270,0,0,0
0,10.31778,0,0,0,270,0,0,0
0,10.32257,0,0,0,270,0,0,0
0,10.32729,0,0,0,270,0,0,0
0,10.33328,0,0,0,270,0,0,0
0,10.33789,0,0,0,270,0,0,0
0,10.34251,0,0,0,270,0,0,0
0,10.34976,0,0,0,270,0,0,0
0,10.35504,0,0,0,270,0,0,0
0,10.36073,0,0,0,270,0,0,0
0,10.3674,0,0,0,270,0,0,0
0,10.37266,0,0,0,270,0,0,0
0,10.37855,0,0,0,270,0,0,0
0,10.38394,0,0,0,270,0,0,0
0,10.39054,0,0,0,270,0,0,0
0,10.42348,0,0,0,270,0,0,0
0,10.4471,0,0,0,270,0,0,0
0,10.45428,0,0,0,270,0,0,0
0,10.46052,0,0,0,270,0,0,0
0,10.4659,0,0,0,270,0,0,0
0,10.47219,0,0,0,270,0,0,0
0,10.47878,0,0,0,270,0,0,0
0,10.48636,0,0,0,270,0,0,0
0,10.49265,0,0,0,270,0,0,0
0,10.50027,0,0,0,270,0,0,0
0,10.50761,0,0,0,270,0,0,0
0,10.51485,0,0,0,270,0,0,0
0,10.52236,0,0,0,270,0,0,0
0,10.53017,0,0,0,270,0,0,0
0,10.53815,0,0,0,270,0,0,0
0,10.54685,0,0,0,270,0,0,0
0,10.55432,0,0,0,270,0,0,0
0,10.5633,0,0,0,270,0,0,0
0,10.57443,0,0,0,270,0,0,0
0,10.59869,0,0,0,270,0,0,0
0,10.60552,0,0,0,270,0,0,0
0,10.63665,0,0,0,270,0,0,0
