Ans,timenow,HMD_rotation_x,HMD_rotation_y,HMD_rotation_z,balldeg,ball_position_x,ball_position_y,ball_position_z
0,0.04921865,0,0,0,270,0,0,0
0,0.07556629,0,0,0,270,0,0,0
0,0.9028292,0,0,0,270,0,0,0
0,0.928988,0,0,0,270,0,0,0
0,0.9379101,0,0,0,270,0,0,0
0,0.9440274,0,0,0,270,0,0,0
0,0.9497805,0,0,0,270,0,0,0
0,0.9558544,0,0,0,270,0,0,0
0,0.960742,0,0,0,270,0,0,0
0,0.9661245,0,0,0,270,0,0,0
0,0.971559,0,0,0,270,0,0,0
0,0.977458,0,0,0,270,0,0,0
0,0.9824238,0,0,0,270,0,0,0
0,0.9882069,0,0,0,270,0,0,0
0,0.9940457,0,0,0,270,0,0,0
0,0.9994264,0,0,0,270,0,0,0
0,1.004709,0,0,0,270,0,0,0
0,1.011321,0,0,0,270,0,0,0
0,1.018858,0,0,0,270,0,0,0
0,1.039576,0,0,0,270,0,0,0
0,1.044766,0,0,0,270,0,0,0
0,1.0506,0,0,0,270,0,0,0
0,1.05804,0,0,0,270,0,0,0
0,1.064459,0,0,0,270,0,0,0
0,1.069458,0,0,0,270,0,0,0
0,1.074069,0,0,0,270,0,0,0
0,1.079719,0,0,0,270,0,0,0
0,1.086596,0,0,0,270,0,0,0
0,1.091691,0,0,0,270,0,0,0
0,1.096459,0,0,0,270,0,0,0
0,1.101595,0,0,0,270,0,0,0
0,1.107216,0,0,0,270,0,0,0
0,1.112669,0,0,0,270,0,0,0
0,1.118025,0,0,0,270,0,0,0
0,1.122906,0,0,0,270,0,0,0
0,1.127941,0,0,0,270,0,0,0
0,1.132401,0,0,0,270,0,0,0
0,1.137493,0,0,0,270,0,0,0
0,1.14207,0,0,0,270,0,0,0
0,1.146811,0,0,0,270,0,0,0
0,1.153027,0,0,0,270,0,0,0
0,1.15818,0,0,0,270,0,0,0
0,1.163788,0,0,0,270,0,0,0
0,1.168552,0,0,0,270,0,0,0
0,1.187569,0,0,0,270,0,0,0
0,1.192357,0,0,0,270,0,0,0
0,1.197446,0,0,0,270,0,0,0
0,1.203469,0,0,0,270,0,0,0
0,1.208663,0,0,0,270,0,0,0
0,1.214691,0,0,0,270,0,0,0
0,1.21993,0,0,0,270,0,0,0
0,1.224527,0,0,0,270,0,0,0
0,1.229695,0,0,0,270,0,0,0
0,1.234317,0,0,0,270,0,0,0
0,1.238661,0,0,0,270,0,0,0
0,1.244481,0,0,0,270,0,0,0
0,1.249401,0,0,0,270,0,0,0
0,1.25461,0,0,0,270,0,0,0
0,1.259563,0,0,0,270,0,0,0
0,1.264821,0,0,0,270,0,0,0
0,1.269345,0,0,0,270,0,0,0
0,1.275042,0,0,0,270,0,0,0
0,1.280245,0,0,0,270,0,0,0
0,1.284475,0,0,0,270,0,0,0
0,1.289226,0,0,0,270,0,0,0
0,1.293849,0,0,0,270,0,0,0
0,1.299112,0,0,0,270,0,0,0
0,1.304146,0,0,0,270,0,0,0
0,1.309803,0,0,0,270,0,0,0
0,1.314625,0,0,0,270,0,0,0
0,1.321199,0,0,0,270,0,0,0
0,1.340873,0,0,0,270,0,0,0
0,1.346665,0,0,0,270,0,0,0
0,1.352871,0,0,0,270,0,0,0
0,1.35862,0,0,0,270,0,0,0
0,1.364818,0,0,0,270,0,0,0
0,1.371915,0,0,0,270,0,0,0
0,1.380475,0,0,0,270,0,0,0
0,1.386988,0,0,0,270,0,0,0
0,1.393681,0,0,0,270,0,0,0
0,1.401537,0,0,0,270,0,0,0
0,1.415712,0,0,0,270,0,0,0
0,1.424656,0,0,0,270,0,0,0
0,1.43313,0,0,0,270,0,0,0
0,1.447849,0,0,0,270,0,0,0
0,1.457728,0,0,0,270,0,0,0
0,1.47461,0,0,0,270,0,0,0
0,1.487719,0,0,0,270,0,0,0
0,1.521664,0,0,0,270,0,0,0
0,1.541103,0,0,0,270,0,0,0
0,1.557033,0,0,0,270,0,0,0
0,1.564526,0,0,0,270,0,0,0
0,1.571831,0,0,0,270,0,0,0
0,1.579118,0,0,0,270,0,0,0
0,1.591556,0,0,0,270,0,0,0
0,1.604543,0,0,0,270,0,0,0
0,1.611636,0,0,0,270,0,0,0
0,1.617736,0,0,0,270,0,0,0
0,1.623255,0,0,0,270,0,0,0
0,1.630401,0,0,0,270,0,0,0
0,1.637596,0,0,0,270,0,0,0
0,1.663523,0,0,0,270,0,0,0
0,1.672793,0,0,0,270,0,0,0
0,1.69055,0,0,0,270,0,0,0
0,1.704551,0,0,0,270,0,0,0
0,1.714548,0,0,0,270,0,0,0
0,1.72255,0,0,0,270,0,0,0
0,1.730579,0,0,0,270,0,0,0
0,1.742145,0,0,0,270,0,0,0
0,1.750005,0,0,0,270,0,0,0
0,1.760231,0,0,0,270,0,0,0
0,1.767637,0,0,0,270,0,0,0
0,1.774072,0,0,0,270,0,0,0
0,1.780596,0,0,0,270,0,0,0
0,1.789169,0,0,0,270,0,0,0
0,1.820104,0,0,0,270,0,0,0
0,1.827752,0,0,0,270,0,0,0
0,1.834965,0,0,0,270,0,0,0
0,1.844381,0,0,0,270,0,0,0
0,1.851863,0,0,0,270,0,0,0
0,1.85923,0,0,0,270,0,0,0
0,1.866521,0,0,0,270,0,0,0
0,1.872702,0,0,0,270,0,0,0
0,1.879834,0,0,0,270,0,0,0
0,1.886493,0,0,0,270,0,0,0
0,1.892694,0,0,0,270,0,0,0
0,1.89915,0,0,0,270,0,0,0
0,1.905797,0,0,0,270,0,0,0
0,1.912613,0,0,0,270,0,0,0
0,1.918655,0,0,0,270,0,0,0
0,1.924741,0,0,0,270,0,0,0
0,1.930884,0,0,0,270,0,0,0
0,1.93661,0,0,0,270,0,0,0
0,1.943731,0,0,0,270,0,0,0
0,1.967075,0,0,0,270,0,0,0
0,1.97329,0,0,0,270,0,0,0
0,1.980463,0,0,0,270,0,0,0
0,1.986501,0,0,0,270,0,0,0
0,1.992233,0,0,0,270,0,0,0
0,1.999328,0,0,0,270,0,0,0
0,2.005237,0,0,0,270,0,0,0
0,2.019362,0,0,0,270,0,0,0
0,2.02673,0,0,0,270,0,0,0
0,2.033124,0,0,0,270,0,0,0
0,2.039108,0,0,0,270,0,0,0
0,2.046973,0,0,0,270,0,0,0
0,2.054901,0,0,0,270,0,0,0
0,2.062538,0,0,0,270,0,0,0
0,2.070338,0,0,0,270,0,0,0
0,2.077669,0,0,0,270,0,0,0
0,2.083891,0,0,0,270,0,0,0
0,2.09083,0,0,0,270,0,0,0
0,2.096679,0,0,0,270,0,0,0
0,2.118814,0,0,0,270,0,0,0
0,2.124925,0,0,0,270,0,0,0
0,2.129889,0,0,0,270,0,0,0
0,2.13578,0,0,0,270,0,0,0
0,2.140749,0,0,0,270,0,0,0
0,2.146917,0,0,0,270,0,0,0
0,2.153094,0,0,0,270,0,0,0
0,2.158177,0,0,0,270,0,0,0
0,2.163884,0,0,0,270,0,0,0
0,2.169921,0,0,0,270,0,0,0
0,2.175684,0,0,0,270,0,0,0
0,2.181598,0,0,0,270,0,0,0
0,2.187629,0,0,0,270,0,0,0
0,2.193385,0,0,0,270,0,0,0
0,2.199641,0,0,0,270,0,0,0
0,2.205656,0,0,0,270,0,0,0
0,2.212889,0,0,0,270,0,0,0
0,2.218642,0,0,0,270,0,0,0
0,2.223922,0,0,0,270,0,0,0
0,2.230987,0,0,0,270,0,0,0
0,2.236792,0,0,0,270,0,0,0
0,2.24369,0,0,0,270,0,0,0
0,2.249841,0,0,0,270,0,0,0
0,2.268067,0,0,0,270,0,0,0
0,2.273269,0,0,0,270,0,0,0
0,2.279463,0,0,0,270,0,0,0
0,2.286174,0,0,0,270,0,0,0
0,2.292811,0,0,0,270,0,0,0
0,2.298998,0,0,0,270,0,0,0
0,2.304685,0,0,0,270,0,0,0
0,2.310876,0,0,0,270,0,0,0
0,2.317426,0,0,0,270,0,0,0
0,2.324487,0,0,0,270,0,0,0
0,2.331269,0,0,0,270,0,0,0
0,2.335842,0,0,0,270,0,0,0
0,2.342375,0,0,0,270,0,0,0
0,2.347754,0,0,0,270,0,0,0
0,2.353698,0,0,0,270,0,0,0
0,2.360346,0,0,0,270,0,0,0
0,2.366024,0,0,0,270,0,0,0
0,2.370876,0,0,0,270,0,0,0
0,2.376135,0,0,0,270,0,0,0
0,2.380891,0,0,0,270,0,0,0
0,2.387179,0,0,0,270,0,0,0
0,2.393258,0,0,0,270,0,0,0
0,2.399523,0,0,0,270,0,0,0
0,2.40543,0,0,0,270,0,0,0
0,2.428425,0,0,0,270,0,0,0
0,2.435361,0,0,0,270,0,0,0
0,2.442122,0,0,0,270,0,0,0
0,2.447541,0,0,0,270,0,0,0
0,2.453531,0,0,0,270,0,0,0
0,2.458965,0,0,0,270,0,0,0
0,2.464845,0,0,0,270,0,0,0
0,2.470787,0,0,0,270,0,0,0
0,2.477593,0,0,0,270,0,0,0
0,2.483233,0,0,0,270,0,0,0
0,2.49038,0,0,0,270,0,0,0
0,2.496063,0,0,0,270,0,0,0
0,2.50203,0,0,0,270,0,0,0
0,2.506525,0,0,0,270,0,0,0
0,2.512492,0,0,0,270,0,0,0
0,2.517853,0,0,0,270,0,0,0
0,2.524183,0,0,0,270,0,0,0
0,2.529103,0,0,0,270,0,0,0
0,2.534319,0,0,0,270,0,0,0
0,2.539851,0,0,0,270,0,0,0
0,2.546356,0,0,0,270,0,0,0
0,2.55156,0,0,0,270,0,0,0
0,2.55691,0,0,0,270,0,0,0
0,2.574044,0,0,0,270,0,0,0
0,2.579347,0,0,0,270,0,0,0
0,2.584689,0,0,0,270,0,0,0
0,2.590905,0,0,0,270,0,0,0
0,2.597255,0,0,0,270,0,0,0
0,2.602699,0,0,0,270,0,0,0
0,2.607692,0,0,0,270,0,0,0
0,2.613502,0,0,0,270,0,0,0
0,2.620114,0,0,0,270,0,0,0
0,2.625225,0,0,0,270,0,0,0
0,2.630497,0,0,0,270,0,0,0
0,2.636519,0,0,0,270,0,0,0
0,2.641409,0,0,0,270,0,0,0
0,2.646242,0,0,0,270,0,0,0
0,2.651018,0,0,0,270,0,0,0
0,2.656033,0,0,0,270,0,0,0
0,2.661725,0,0,0,270,0,0,0
0,2.667254,0,0,0,270,0,0,0
0,2.672337,0,0,0,270,0,0,0
0,2.677846,0,0,0,270,0,0,0
0,2.68344,0,0,0,270,0,0,0
0,2.68877,0,0,0,270,0,0,0
0,2.693411,0,0,0,270,0,0,0
0,2.698436,0,0,0,270,0,0,0
0,2.704141,0,0,0,270,0,0,0
0,2.70991,0,0,0,270,0,0,0
0,2.729641,0,0,0,270,0,0,0
0,2.736032,0,0,0,270,0,0,0
0,2.743153,0,0,0,270,0,0,0
0,2.748577,0,0,0,270,0,0,0
0,2.754886,0,0,0,270,0,0,0
0,2.761609,0,0,0,270,0,0,0
0,2.767993,0,0,0,270,0,0,0
0,2.774021,0,0,0,270,0,0,0
0,2.781183,0,0,0,270,0,0,0
0,2.786837,0,0,0,270,0,0,0
0,2.792392,0,0,0,270,0,0,0
0,2.799502,0,0,0,270,0,0,0
0,2.804627,0,0,0,270,0,0,0
0,2.811536,0,0,0,270,0,0,0
0,2.816993,0,0,0,270,0,0,0
0,2.823013,0,0,0,270,0,0,0
0,2.828156,0,0,0,270,0,0,0
0,2.833829,0,0,0,270,0,0,0
0,2.840258,0,0,0,270,0,0,0
0,2.845994,0,0,0,270,0,0,0
0,2.851653,0,0,0,270,0,0,0
0,2.857924,0,0,0,270,0,0,0
0,2.863998,0,0,0,270,0,0,0
0,2.881384,0,0,0,270,0,0,0
0,2.888065,0,0,0,270,0,0,0
0,2.893698,0,0,0,270,0,0,0
0,2.900172,0,0,0,270,0,0,0
0,2.905577,0,0,0,270,0,0,0
0,2.911294,0,0,0,270,0,0,0
0,2.917554,0,0,0,270,0,0,0
0,2.923987,0,0,0,270,0,0,0
0,2.929486,0,0,0,270,0,0,0
0,2.935756,0,0,0,270,0,0,0
0,2.941981,0,0,0,270,0,0,0
0,2.947828,0,0,0,270,0,0,0
0,2.954025,0,0,0,270,0,0,0
0,2.961366,0,0,0,270,0,0,0
0,2.968377,0,0,0,270,0,0,0
0,2.975674,0,0,0,270,0,0,0
0,2.982522,0,0,0,270,0,0,0
0,2.989458,0,0,0,270,0,0,0
0,2.995964,0,0,0,270,0,0,0
0,3.001578,0,0,0,270,0,0,0
0,3.007382,0,0,0,270,0,0,0
0,3.014167,0,0,0,270,0,0,0
0,3.034437,0,0,0,270,0,0,0
0,3.041708,0,0,0,270,0,0,0
0,3.048053,0,0,0,270,0,0,0
0,3.053589,0,0,0,270,0,0,0
0,3.05956,0,0,0,270,0,0,0
0,3.065919,0,0,0,270,0,0,0
0,3.072146,0,0,0,270,0,0,0
0,3.079256,0,0,0,270,0,0,0
0,3.084418,0,0,0,270,0,0,0
0,3.091321,0,0,0,270,0,0,0
0,3.097539,0,0,0,270,0,0,0
0,3.104672,0,0,0,270,0,0,0
0,3.11207,0,0,0,270,0,0,0
0,3.119514,0,0,0,270,0,0,0
0,3.125791,0,0,0,270,0,0,0
0,3.131828,0,0,0,270,0,0,0
0,3.137654,0,0,0,270,0,0,0
0,3.144037,0,0,0,270,0,0,0
0,3.150496,0,0,0,270,0,0,0
0,3.157403,0,0,0,270,0,0,0
0,3.164593,0,0,0,270,0,0,0
0,3.184805,0,0,0,270,0,0,0
0,3.190886,0,0,0,270,0,0,0
0,3.198226,0,0,0,270,0,0,0
0,3.203975,0,0,0,270,0,0,0
0,3.210715,0,0,0,270,0,0,0
0,3.216635,0,0,0,270,0,0,0
0,3.221826,0,0,0,270,0,0,0
0,3.228209,0,0,0,270,0,0,0
0,3.233759,0,0,0,270,0,0,0
0,3.238945,0,0,0,270,0,0,0
0,3.245529,0,0,0,270,0,0,0
0,3.251747,0,0,0,270,0,0,0
0,3.25781,0,0,0,270,0,0,0
0,3.26386,0,0,0,270,0,0,0
0,3.26909,0,0,0,270,0,0,0
0,3.275491,0,0,0,270,0,0,0
0,3.280904,0,0,0,270,0,0,0
0,3.28636,0,0,0,270,0,0,0
0,3.292441,0,0,0,270,0,0,0
0,3.304648,0,0,0,270,0,0,0
0,3.31361,0,0,0,270,0,0,0
0,3.335207,0,0,0,270,0,0,0
0,3.356379,0,0,0,270,0,0,0
0,3.362218,0,0,0,270,0,0,0
0,3.367127,0,0,0,270,0,0,0
0,3.371213,0,0,0,270,0,0,0
0,3.375975,0,0,0,270,0,0,0
0,3.380553,0,0,0,270,0,0,0
0,3.386468,0,0,0,270,0,0,0
0,3.3924,0,0,0,270,0,0,0
0,3.398298,0,0,0,270,0,0,0
0,3.403696,0,0,0,270,0,0,0
0,3.409013,0,0,0,270,0,0,0
0,3.415333,0,0,0,270,0,0,0
0,3.421283,0,0,0,270,0,0,0
0,3.426921,0,0,0,270,0,0,0
0,3.433095,0,0,0,270,0,0,0
0,3.438432,0,0,0,270,0,0,0
0,3.444704,0,0,0,270,0,0,0
0,3.451503,0,0,0,270,0,0,0
0,3.45786,0,0,0,270,0,0,0
0,3.465918,0,0,0,270,0,0,0
0,3.472268,0,0,0,270,0,0,0
0,3.494504,0,0,0,270,0,0,0
0,3.501046,0,0,0,270,0,0,0
0,3.507554,0,0,0,270,0,0,0
0,3.514067,0,0,0,270,0,0,0
0,3.51997,0,0,0,270,0,0,0
0,3.525792,0,0,0,270,0,0,0
0,3.533059,0,0,0,270,0,0,0
0,3.539995,0,0,0,270,0,0,0
0,3.54677,0,0,0,270,0,0,0
0,3.552195,0,0,0,270,0,0,0
0,3.558775,0,0,0,270,0,0,0
0,3.56485,0,0,0,270,0,0,0
0,3.571707,0,0,0,270,0,0,0
0,3.577993,0,0,0,270,0,0,0
0,3.584092,0,0,0,270,0,0,0
0,3.591426,0,0,0,270,0,0,0
0,3.598175,0,0,0,270,0,0,0
0,3.603818,0,0,0,270,0,0,0
0,3.61037,0,0,0,270,0,0,0
0,3.616106,0,0,0,270,0,0,0
0,3.622422,0,0,0,270,0,0,0
0,3.629084,0,0,0,270,0,0,0
0,3.64887,0,0,0,270,0,0,0
0,3.655562,0,0,0,270,0,0,0
0,3.661783,0,0,0,270,0,0,0
0,3.668547,0,0,0,270,0,0,0
0,3.675006,0,0,0,270,0,0,0
0,3.681825,0,0,0,270,0,0,0
0,3.688709,0,0,0,270,0,0,0
0,3.694179,0,0,0,270,0,0,0
0,3.700999,0,0,0,270,0,0,0
0,3.707594,0,0,0,270,0,0,0
0,3.714519,0,0,0,270,0,0,0
0,3.719901,0,0,0,270,0,0,0
0,3.726248,0,0,0,270,0,0,0
0,3.731667,0,0,0,270,0,0,0
0,3.736872,0,0,0,270,0,0,0
0,3.743299,0,0,0,270,0,0,0
0,3.748193,0,0,0,270,0,0,0
0,3.754,0,0,0,270,0,0,0
0,3.760459,0,0,0,270,0,0,0
0,3.766911,0,0,0,270,0,0,0
0,3.773174,0,0,0,270,0,0,0
0,3.780346,0,0,0,270,0,0,0
0,3.809306,0,0,0,270,0,0,0
0,3.81544,0,0,0,270,0,0,0
0,3.822399,0,0,0,270,0,0,0
0,3.828982,0,0,0,270,0,0,0
0,3.836017,0,0,0,270,0,0,0
0,3.842486,0,0,0,270,0,0,0
0,3.848053,0,0,0,270,0,0,0
0,3.853234,0,0,0,270,0,0,0
0,3.858225,0,0,0,270,0,0,0
0,3.862989,0,0,0,270,0,0,0
0,3.868662,0,0,0,270,0,0,0
0,3.874095,0,0,0,270,0,0,0
0,3.879527,0,0,0,270,0,0,0
0,3.885026,0,0,0,270,0,0,0
0,3.891941,0,0,0,270,0,0,0
0,3.898427,0,0,0,270,0,0,0
0,3.904545,0,0,0,270,0,0,0
0,3.911263,0,0,0,270,0,0,0
0,3.916964,0,0,0,270,0,0,0
0,3.923424,0,0,0,270,0,0,0
0,3.929513,0,0,0,270,0,0,0
0,3.935897,0,0,0,270,0,0,0
0,3.95866,0,0,0,270,0,0,0
0,3.965316,0,0,0,270,0,0,0
0,3.97202,0,0,0,270,0,0,0
0,3.979673,0,0,0,270,0,0,0
0,3.986807,0,0,0,270,0,0,0
0,3.993772,0,0,0,270,0,0,0
0,4.000671,0,0,0,270,0,0,0
0,4.008808,0,0,0,270,0,0,0
0,4.017259,0,0,0,270,0,0,0
0,4.025381,0,0,0,270,0,0,0
0,4.032342,0,0,0,270,0,0,0
0,4.039698,0,0,0,270,0,0,0
0,4.047107,0,0,0,270,0,0,0
0,4.057608,0,0,0,270,0,0,0
0,4.064715,0,0,0,270,0,0,0
0,4.072245,0,0,0,270,0,0,0
0,4.079586,0,0,0,270,0,0,0
0,4.08734,0,0,0,270,0,0,0
0,4.110602,0,0,0,270,0,0,0
0,4.118335,0,0,0,270,0,0,0
0,4.125715,0,0,0,270,0,0,0
0,4.133572,0,0,0,270,0,0,0
0,4.153191,0,0,0,270,0,0,0
0,4.160553,0,0,0,270,0,0,0
0,4.167511,0,0,0,270,0,0,0
0,4.173553,0,0,0,270,0,0,0
0,4.180626,0,0,0,270,0,0,0
0,4.186735,0,0,0,270,0,0,0
0,4.193025,0,0,0,270,0,0,0
0,4.200194,0,0,0,270,0,0,0
0,4.207459,0,0,0,270,0,0,0
0,4.215284,0,0,0,270,0,0,0
0,4.221876,0,0,0,270,0,0,0
0,4.228739,0,0,0,270,0,0,0
0,4.235641,0,0,0,270,0,0,0
0,4.242804,0,0,0,270,0,0,0
0,4.26281,0,0,0,270,0,0,0
0,4.27008,0,0,0,270,0,0,0
0,4.277494,0,0,0,270,0,0,0
0,4.284093,0,0,0,270,0,0,0
0,4.289715,0,0,0,270,0,0,0
0,4.298972,0,0,0,270,0,0,0
0,4.306479,0,0,0,270,0,0,0
0,4.31196,0,0,0,270,0,0,0
0,4.317113,0,0,0,270,0,0,0
0,4.323629,0,0,0,270,0,0,0
0,4.330553,0,0,0,270,0,0,0
0,4.336977,0,0,0,270,0,0,0
0,4.342415,0,0,0,270,0,0,0
0,4.34795,0,0,0,270,0,0,0
0,4.35465,0,0,0,270,0,0,0
0,4.360054,0,0,0,270,0,0,0
0,4.365681,0,0,0,270,0,0,0
0,4.371199,0,0,0,270,0,0,0
0,4.376433,0,0,0,270,0,0,0
0,4.38205,0,0,0,270,0,0,0
0,4.388062,0,0,0,270,0,0,0
0,4.393512,0,0,0,270,0,0,0
0,4.411335,0,0,0,270,0,0,0
0,4.416844,0,0,0,270,0,0,0
0,4.42243,0,0,0,270,0,0,0
0,4.428684,0,0,0,270,0,0,0
0,4.43501,0,0,0,270,0,0,0
0,4.44106,0,0,0,270,0,0,0
0,4.448213,0,0,0,270,0,0,0
0,4.454955,0,0,0,270,0,0,0
0,4.46271,0,0,0,270,0,0,0
0,4.468793,0,0,0,270,0,0,0
0,4.47507,0,0,0,270,0,0,0
0,4.480993,0,0,0,270,0,0,0
0,4.486869,0,0,0,270,0,0,0
0,4.493889,0,0,0,270,0,0,0
0,4.500599,0,0,0,270,0,0,0
0,4.507461,0,0,0,270,0,0,0
0,4.515243,0,0,0,270,0,0,0
0,4.521806,0,0,0,270,0,0,0
0,4.528581,0,0,0,270,0,0,0
0,4.535736,0,0,0,270,0,0,0
0,4.542348,0,0,0,270,0,0,0
0,4.548987,0,0,0,270,0,0,0
0,4.569759,0,0,0,270,0,0,0
0,4.576942,0,0,0,270,0,0,0
0,4.582632,0,0,0,270,0,0,0
0,4.589408,0,0,0,270,0,0,0
0,4.595658,0,0,0,270,0,0,0
0,4.601934,0,0,0,270,0,0,0
0,4.608292,0,0,0,270,0,0,0
0,4.614055,0,0,0,270,0,0,0
0,4.620911,0,0,0,270,0,0,0
0,4.62727,0,0,0,270,0,0,0
0,4.633832,0,0,0,270,0,0,0
0,4.639172,0,0,0,270,0,0,0
0,4.645662,0,0,0,270,0,0,0
0,4.652025,0,0,0,270,0,0,0
0,4.657031,0,0,0,270,0,0,0
0,4.662946,0,0,0,270,0,0,0
0,4.668694,0,0,0,270,0,0,0
0,4.673907,0,0,0,270,0,0,0
0,4.679473,0,0,0,270,0,0,0
0,4.684291,0,0,0,270,0,0,0
0,4.690282,0,0,0,270,0,0,0
0,4.696095,0,0,0,270,0,0,0
0,4.70193,0,0,0,270,0,0,0
0,4.722519,0,0,0,270,0,0,0
0,4.729105,0,0,0,270,0,0,0
0,4.737813,0,0,0,270,0,0,0
0,4.751514,0,0,0,270,0,0,0
0,4.758949,0,0,0,270,0,0,0
0,4.766123,0,0,0,270,0,0,0
0,4.771544,0,0,0,270,0,0,0
0,4.778959,0,0,0,270,0,0,0
0,4.785225,0,0,0,270,0,0,0
0,4.791428,0,0,0,270,0,0,0
0,4.798604,0,0,0,270,0,0,0
0,4.806211,0,0,0,270,0,0,0
0,4.813521,0,0,0,270,0,0,0
0,4.821411,0,0,0,270,0,0,0
0,4.828025,0,0,0,270,0,0,0
0,4.834589,0,0,0,270,0,0,0
0,4.843523,0,0,0,270,0,0,0
0,4.850106,0,0,0,270,0,0,0
0,4.857797,0,0,0,270,0,0,0
0,4.880248,0,0,0,270,0,0,0
0,4.890397,0,0,0,270,0,0,0
0,4.897233,0,0,0,270,0,0,0
0,4.903988,0,0,0,270,0,0,0
0,4.910196,0,0,0,270,0,0,0
0,4.917129,0,0,0,270,0,0,0
0,4.92434,0,0,0,270,0,0,0
0,4.932986,0,0,0,270,0,0,0
0,4.939297,0,0,0,270,0,0,0
0,4.945989,0,0,0,270,0,0,0
0,4.953287,0,0,0,270,0,0,0
0,4.960509,0,0,0,270,0,0,0
0,4.967796,0,0,0,270,0,0,0
0,4.973046,0,0,0,270,0,0,0
0,4.979262,0,0,0,270,0,0,0
0,4.984383,0,0,0,270,0,0,0
0,4.990475,0,0,0,270,0,0,0
0,4.996807,0,0,0,270,0,0,0
0,5.003067,0,0,0,270,0,0,0
0,5.010085,0,0,0,270,0,0,0
0,5.030036,0,0,0,270,0,0,0
0,5.035548,0,0,0,270,0,0,0
0,5.041916,0,0,0,270,0,0,0
0,5.047984,0,0,0,270,0,0,0
0,5.05423,0,0,0,270,0,0,0
0,5.060825,0,0,0,270,0,0,0
0,5.068254,0,0,0,270,0,0,0
0,5.074198,0,0,0,270,0,0,0
0,5.079979,0,0,0,270,0,0,0
0,5.084651,0,0,0,270,0,0,0
0,5.092177,0,0,0,270,0,0,0
0,5.097764,0,0,0,270,0,0,0
0,5.103865,0,0,0,270,0,0,0
0,5.109952,0,0,0,270,0,0,0
0,5.115929,0,0,0,270,0,0,0
0,5.122333,0,0,0,270,0,0,0
0,5.127924,0,0,0,270,0,0,0
0,5.133794,0,0,0,270,0,0,0
0,5.139091,0,0,0,270,0,0,0
0,5.144823,0,0,0,270,0,0,0
0,5.150328,0,0,0,270,0,0,0
0,5.157893,0,0,0,270,0,0,0
0,5.164979,0,0,0,270,0,0,0
0,5.184549,0,0,0,270,0,0,0
0,5.190326,0,0,0,270,0,0,0
0,5.197494,0,0,0,270,0,0,0
0,5.203107,0,0,0,270,0,0,0
0,5.209287,0,0,0,270,0,0,0
0,5.216036,0,0,0,270,0,0,0
0,5.222468,0,0,0,270,0,0,0
0,5.228852,0,0,0,270,0,0,0
0,5.235011,0,0,0,270,0,0,0
0,5.241611,0,0,0,270,0,0,0
0,5.24774,0,0,0,270,0,0,0
0,5.253724,0,0,0,270,0,0,0
0,5.25954,0,0,0,270,0,0,0
0,5.266113,0,0,0,270,0,0,0
0,5.27215,0,0,0,270,0,0,0
0,5.278298,0,0,0,270,0,0,0
0,5.283541,0,0,0,270,0,0,0
0,5.289834,0,0,0,270,0,0,0
0,5.29528,0,0,0,270,0,0,0
0,5.301073,0,0,0,270,0,0,0
0,5.30616,0,0,0,270,0,0,0
0,5.312015,0,0,0,270,0,0,0
0,5.31976,0,0,0,270,0,0,0
0,5.33839,0,0,0,270,0,0,0
0,5.343705,0,0,0,270,0,0,0
0,5.34876,0,0,0,270,0,0,0
0,5.35591,0,0,0,270,0,0,0
0,5.361456,0,0,0,270,0,0,0
0,5.367668,0,0,0,270,0,0,0
0,5.373761,0,0,0,270,0,0,0
0,5.379612,0,0,0,270,0,0,0
0,5.385572,0,0,0,270,0,0,0
0,5.391243,0,0,0,270,0,0,0
0,5.397667,0,0,0,270,0,0,0
0,5.403849,0,0,0,270,0,0,0
0,5.409685,0,0,0,270,0,0,0
0,5.415534,0,0,0,270,0,0,0
0,5.421674,0,0,0,270,0,0,0
0,5.426875,0,0,0,270,0,0,0
0,5.432956,0,0,0,270,0,0,0
0,5.43793,0,0,0,270,0,0,0
0,5.4432,0,0,0,270,0,0,0
0,5.448686,0,0,0,270,0,0,0
0,5.454113,0,0,0,270,0,0,0
0,5.459448,0,0,0,270,0,0,0
0,5.465342,0,0,0,270,0,0,0
0,5.470994,0,0,0,270,0,0,0
0,5.48852,0,0,0,270,0,0,0
0,5.492938,0,0,0,270,0,0,0
0,5.497583,0,0,0,270,0,0,0
0,5.50154,0,0,0,270,0,0,0
0,5.506311,0,0,0,270,0,0,0
0,5.512787,0,0,0,270,0,0,0
0,5.518337,0,0,0,270,0,0,0
0,5.525053,0,0,0,270,0,0,0
0,5.531838,0,0,0,270,0,0,0
0,5.538346,0,0,0,270,0,0,0
0,5.546181,0,0,0,270,0,0,0
0,5.55215,0,0,0,270,0,0,0
0,5.558046,0,0,0,270,0,0,0
0,5.563943,0,0,0,270,0,0,0
0,5.57041,0,0,0,270,0,0,0
0,5.577124,0,0,0,270,0,0,0
0,5.582757,0,0,0,270,0,0,0
0,5.588412,0,0,0,270,0,0,0
0,5.594197,0,0,0,270,0,0,0
0,5.600421,0,0,0,270,0,0,0
0,5.605869,0,0,0,270,0,0,0
0,5.611087,0,0,0,270,0,0,0
0,5.615733,0,0,0,270,0,0,0
0,5.622335,0,0,0,270,0,0,0
0,5.639939,0,0,0,270,0,0,0
0,5.644568,0,0,0,270,0,0,0
0,5.649432,0,0,0,270,0,0,0
0,5.655336,0,0,0,270,0,0,0
0,5.660579,0,0,0,270,0,0,0
0,5.666852,0,0,0,270,0,0,0
0,5.672377,0,0,0,270,0,0,0
0,5.678013,0,0,0,270,0,0,0
0,5.682742,0,0,0,270,0,0,0
0,5.689053,0,0,0,270,0,0,0
0,5.694355,0,0,0,270,0,0,0
0,5.70027,0,0,0,270,0,0,0
0,5.705606,0,0,0,270,0,0,0
0,5.712225,0,0,0,270,0,0,0
0,5.717563,0,0,0,270,0,0,0
0,5.723608,0,0,0,270,0,0,0
0,5.728621,0,0,0,270,0,0,0
0,5.734187,0,0,0,270,0,0,0
0,5.739288,0,0,0,270,0,0,0
0,5.744229,0,0,0,270,0,0,0
0,5.748934,0,0,0,270,0,0,0
0,5.755379,0,0,0,270,0,0,0
0,5.760761,0,0,0,270,0,0,0
0,5.76682,0,0,0,270,0,0,0
0,5.771638,0,0,0,270,0,0,0
0,5.776728,0,0,0,270,0,0,0
0,5.792938,0,0,0,270,0,0,0
0,5.798864,0,0,0,270,0,0,0
0,5.803924,0,0,0,270,0,0,0
0,5.810938,0,0,0,270,0,0,0
0,5.816543,0,0,0,270,0,0,0
0,5.82343,0,0,0,270,0,0,0
0,5.829553,0,0,0,270,0,0,0
0,5.837413,0,0,0,270,0,0,0
0,5.843869,0,0,0,270,0,0,0
0,5.848929,0,0,0,270,0,0,0
0,5.854649,0,0,0,270,0,0,0
0,5.858976,0,0,0,270,0,0,0
0,5.86377,0,0,0,270,0,0,0
0,5.868854,0,0,0,270,0,0,0
0,5.873915,0,0,0,270,0,0,0
0,5.880129,0,0,0,270,0,0,0
0,5.886017,0,0,0,270,0,0,0
0,5.890678,0,0,0,270,0,0,0
0,5.895454,0,0,0,270,0,0,0
0,5.902708,0,0,0,270,0,0,0
0,5.90876,0,0,0,270,0,0,0
0,5.915605,0,0,0,270,0,0,0
0,5.92306,0,0,0,270,0,0,0
0,5.929143,0,0,0,270,0,0,0
0,5.950391,0,0,0,270,0,0,0
0,5.957208,0,0,0,270,0,0,0
0,5.963837,0,0,0,270,0,0,0
0,5.968962,0,0,0,270,0,0,0
0,5.973926,0,0,0,270,0,0,0
0,5.981021,0,0,0,270,0,0,0
0,5.987738,0,0,0,270,0,0,0
0,5.9944,0,0,0,270,0,0,0
0,6.00097,0,0,0,270,0,0,0
0,6.007246,0,0,0,270,0,0,0
0,6.014103,0,0,0,270,0,0,0
0,6.020883,0,0,0,270,0,0,0
0,6.027837,0,0,0,270,0,0,0
0,6.033992,0,0,0,270,0,0,0
0,6.042159,0,0,0,270,0,0,0
0,6.048765,0,0,0,270,0,0,0
0,6.055536,0,0,0,270,0,0,0
0,6.061771,0,0,0,270,0,0,0
0,6.068558,0,0,0,270,0,0,0
0,6.074909,0,0,0,270,0,0,0
0,6.081157,0,0,0,270,0,0,0
0,6.10122,0,0,0,270,0,0,0
0,6.108665,0,0,0,270,0,0,0
0,6.11392,0,0,0,270,0,0,0
0,6.12055,0,0,0,270,0,0,0
0,6.127391,0,0,0,270,0,0,0
0,6.133243,0,0,0,270,0,0,0
0,6.139077,0,0,0,270,0,0,0
0,6.144419,0,0,0,270,0,0,0
0,6.150197,0,0,0,270,0,0,0
0,6.155535,0,0,0,270,0,0,0
0,6.1611,0,0,0,270,0,0,0
0,6.167967,0,0,0,270,0,0,0
0,6.172719,0,0,0,270,0,0,0
0,6.178099,0,0,0,270,0,0,0
0,6.184167,0,0,0,270,0,0,0
0,6.19182,0,0,0,270,0,0,0
0,6.19886,0,0,0,270,0,0,0
0,6.203795,0,0,0,270,0,0,0
0,6.209045,0,0,0,270,0,0,0
0,6.215049,0,0,0,270,0,0,0
0,6.220458,0,0,0,270,0,0,0
0,6.226293,0,0,0,270,0,0,0
0,6.233193,0,0,0,270,0,0,0
0,6.254134,0,0,0,270,0,0,0
0,6.259914,0,0,0,270,0,0,0
0,6.264581,0,0,0,270,0,0,0
0,6.269893,0,0,0,270,0,0,0
0,6.275044,0,0,0,270,0,0,0
0,6.280319,0,0,0,270,0,0,0
0,6.284526,0,0,0,270,0,0,0
0,6.28928,0,0,0,270,0,0,0
0,6.2942,0,0,0,270,0,0,0
0,6.299662,0,0,0,270,0,0,0
0,6.30502,0,0,0,270,0,0,0
0,6.310904,0,0,0,270,0,0,0
0,6.31565,0,0,0,270,0,0,0
0,6.322959,0,0,0,270,0,0,0
0,6.328327,0,0,0,270,0,0,0
0,6.334237,0,0,0,270,0,0,0
0,6.346579,0,0,0,270,0,0,0
0,6.355576,0,0,0,270,0,0,0
0,6.369764,0,0,0,270,0,0,0
0,6.375967,0,0,0,270,0,0,0
0,6.380529,0,0,0,270,0,0,0
0,6.385246,0,0,0,270,0,0,0
0,6.402265,0,0,0,270,0,0,0
0,6.407934,0,0,0,270,0,0,0
0,6.413706,0,0,0,270,0,0,0
0,6.420278,0,0,0,270,0,0,0
0,6.42643,0,0,0,270,0,0,0
0,6.432805,0,0,0,270,0,0,0
0,6.43831,0,0,0,270,0,0,0
0,6.444229,0,0,0,270,0,0,0
0,6.449517,0,0,0,270,0,0,0
0,6.455068,0,0,0,270,0,0,0
0,6.460863,0,0,0,270,0,0,0
0,6.466979,0,0,0,270,0,0,0
0,6.472501,0,0,0,270,0,0,0
0,6.480042,0,0,0,270,0,0,0
0,6.487191,0,0,0,270,0,0,0
0,6.493913,0,0,0,270,0,0,0
0,6.500779,0,0,0,270,0,0,0
0,6.508591,0,0,0,270,0,0,0
0,6.514538,0,0,0,270,0,0,0
0,6.520294,0,0,0,270,0,0,0
0,6.528543,0,0,0,270,0,0,0
0,6.53614,0,0,0,270,0,0,0
0,6.559104,0,0,0,270,0,0,0
0,6.566783,0,0,0,270,0,0,0
0,6.573914,0,0,0,270,0,0,0
0,6.584603,0,0,0,270,0,0,0
0,6.594425,0,0,0,270,0,0,0
0,6.605059,0,0,0,270,0,0,0
0,6.614864,0,0,0,270,0,0,0
0,6.62261,0,0,0,270,0,0,0
0,6.633115,0,0,0,270,0,0,0
0,6.643016,0,0,0,270,0,0,0
0,6.650772,0,0,0,270,0,0,0
0,6.65676,0,0,0,270,0,0,0
0,6.665231,0,0,0,270,0,0,0
0,6.670532,0,0,0,270,0,0,0
0,6.675821,0,0,0,270,0,0,0
0,6.683641,0,0,0,270,0,0,0
0,6.690235,0,0,0,270,0,0,0
0,6.714688,0,0,0,270,0,0,0
0,6.720753,0,0,0,270,0,0,0
0,6.730126,0,0,0,270,0,0,0
0,6.73805,0,0,0,270,0,0,0
0,6.747133,0,0,0,270,0,0,0
0,6.753998,0,0,0,270,0,0,0
0,6.760456,0,0,0,270,0,0,0
0,6.766714,0,0,0,270,0,0,0
0,6.775041,0,0,0,270,0,0,0
0,6.781646,0,0,0,270,0,0,0
0,6.788265,0,0,0,270,0,0,0
0,6.797935,0,0,0,270,0,0,0
0,6.804803,0,0,0,270,0,0,0
0,6.810731,0,0,0,270,0,0,0
0,6.817129,0,0,0,270,0,0,0
0,6.824964,0,0,0,270,0,0,0
0,6.831931,0,0,0,270,0,0,0
0,6.839043,0,0,0,270,0,0,0
0,6.845121,0,0,0,270,0,0,0
0,6.867776,0,0,0,270,0,0,0
0,6.872974,0,0,0,270,0,0,0
0,6.878999,0,0,0,270,0,0,0
0,6.884439,0,0,0,270,0,0,0
0,6.889895,0,0,0,270,0,0,0
0,6.894787,0,0,0,270,0,0,0
0,6.900626,0,0,0,270,0,0,0
0,6.905945,0,0,0,270,0,0,0
0,6.912601,0,0,0,270,0,0,0
0,6.919533,0,0,0,270,0,0,0
0,6.925579,0,0,0,270,0,0,0
0,6.932903,0,0,0,270,0,0,0
0,6.939081,0,0,0,270,0,0,0
0,6.94511,0,0,0,270,0,0,0
0,6.95071,0,0,0,270,0,0,0
0,6.95651,0,0,0,270,0,0,0
0,6.963073,0,0,0,270,0,0,0
0,6.969271,0,0,0,270,0,0,0
0,6.975419,0,0,0,270,0,0,0
0,6.981295,0,0,0,270,0,0,0
0,6.9864,0,0,0,270,0,0,0
0,6.991915,0,0,0,270,0,0,0
0,6.999147,0,0,0,270,0,0,0
0,7.019993,0,0,0,270,0,0,0
0,7.026975,0,0,0,270,0,0,0
0,7.032819,0,0,0,270,0,0,0
0,7.038992,0,0,0,270,0,0,0
0,7.044608,0,0,0,270,0,0,0
0,7.050014,0,0,0,270,0,0,0
0,7.056739,0,0,0,270,0,0,0
0,7.062653,0,0,0,270,0,0,0
0,7.069145,0,0,0,270,0,0,0
0,7.076196,0,0,0,270,0,0,0
0,7.082039,0,0,0,270,0,0,0
0,7.089365,0,0,0,270,0,0,0
0,7.097538,0,0,0,270,0,0,0
0,7.10464,0,0,0,270,0,0,0
0,7.111939,0,0,0,270,0,0,0
0,7.119878,0,0,0,270,0,0,0
0,7.126476,0,0,0,270,0,0,0
0,7.14464,0,0,0,270,0,0,0
0,7.155756,0,0,0,270,0,0,0
0,7.18629,0,0,0,270,0,0,0
0,7.194917,0,0,0,270,0,0,0
0,7.203795,0,0,0,270,0,0,0
0,7.216409,0,0,0,270,0,0,0
0,7.225846,0,0,0,270,0,0,0
0,7.235165,0,0,0,270,0,0,0
0,7.248024,0,0,0,270,0,0,0
0,7.256304,0,0,0,270,0,0,0
0,7.265627,0,0,0,270,0,0,0
0,7.274061,0,0,0,270,0,0,0
0,7.282362,0,0,0,270,0,0,0
0,7.292947,0,0,0,270,0,0,0
0,7.3011,0,0,0,270,0,0,0
0,7.31028,0,0,0,270,0,0,0
0,7.331511,0,0,0,270,0,0,0
0,7.338032,0,0,0,270,0,0,0
0,7.347893,0,0,0,270,0,0,0
0,7.355917,0,0,0,270,0,0,0
0,7.364538,0,0,0,270,0,0,0
0,7.370314,0,0,0,270,0,0,0
0,7.379681,0,0,0,270,0,0,0
0,7.393154,0,0,0,270,0,0,0
0,7.400753,0,0,0,270,0,0,0
0,7.410358,0,0,0,270,0,0,0
0,7.420192,0,0,0,270,0,0,0
0,7.428927,0,0,0,270,0,0,0
0,7.442264,0,0,0,270,0,0,0
0,7.453927,0,0,0,270,0,0,0
0,7.462323,0,0,0,270,0,0,0
0,7.483743,0,0,0,270,0,0,0
0,7.48952,0,0,0,270,0,0,0
0,7.495229,0,0,0,270,0,0,0
0,7.501787,0,0,0,270,0,0,0
0,7.509133,0,0,0,270,0,0,0
0,7.516525,0,0,0,270,0,0,0
0,7.52174,0,0,0,270,0,0,0
0,7.526973,0,0,0,270,0,0,0
0,7.532588,0,0,0,270,0,0,0
0,7.542505,0,0,0,270,0,0,0
0,7.54837,0,0,0,270,0,0,0
0,7.555154,0,0,0,270,0,0,0
0,7.560871,0,0,0,270,0,0,0
0,7.579575,0,0,0,270,0,0,0
0,7.588759,0,0,0,270,0,0,0
0,7.59456,0,0,0,270,0,0,0
0,7.601349,0,0,0,270,0,0,0
0,7.607722,0,0,0,270,0,0,0
0,7.613582,0,0,0,270,0,0,0
0,7.63822,0,0,0,270,0,0,0
0,7.64573,0,0,0,270,0,0,0
0,7.653455,0,0,0,270,0,0,0
0,7.662157,0,0,0,270,0,0,0
0,7.671217,0,0,0,270,0,0,0
0,7.677845,0,0,0,270,0,0,0
0,7.684107,0,0,0,270,0,0,0
0,7.690667,0,0,0,270,0,0,0
0,7.697657,0,0,0,270,0,0,0
0,7.70525,0,0,0,270,0,0,0
0,7.711498,0,0,0,270,0,0,0
0,7.717734,0,0,0,270,0,0,0
0,7.724601,0,0,0,270,0,0,0
0,7.731795,0,0,0,270,0,0,0
0,7.737691,0,0,0,270,0,0,0
0,7.744615,0,0,0,270,0,0,0
0,7.751227,0,0,0,270,0,0,0
0,7.758851,0,0,0,270,0,0,0
0,7.765357,0,0,0,270,0,0,0
0,7.793917,0,0,0,270,0,0,0
0,7.799964,0,0,0,270,0,0,0
0,7.809701,0,0,0,270,0,0,0
0,7.816172,0,0,0,270,0,0,0
0,7.823283,0,0,0,270,0,0,0
0,7.830848,0,0,0,270,0,0,0
0,7.841838,0,0,0,270,0,0,0
0,7.847482,0,0,0,270,0,0,0
0,7.853933,0,0,0,270,0,0,0
0,7.860366,0,0,0,270,0,0,0
0,7.867918,0,0,0,270,0,0,0
0,7.87523,0,0,0,270,0,0,0
0,7.882332,0,0,0,270,0,0,0
0,7.890853,0,0,0,270,0,0,0
0,7.897672,0,0,0,270,0,0,0
0,7.903842,0,0,0,270,0,0,0
0,7.91146,0,0,0,270,0,0,0
0,7.922239,0,0,0,270,0,0,0
0,7.950879,0,0,0,270,0,0,0
0,7.95686,0,0,0,270,0,0,0
0,7.967383,0,0,0,270,0,0,0
0,7.976894,0,0,0,270,0,0,0
0,7.985063,0,0,0,270,0,0,0
0,7.992007,0,0,0,270,0,0,0
0,7.999097,0,0,0,270,0,0,0
0,8.005537,0,0,0,270,0,0,0
0,8.01195,0,0,0,270,0,0,0
0,8.016964,0,0,0,270,0,0,0
0,8.022545,0,0,0,270,0,0,0
0,8.028233,0,0,0,270,0,0,0
0,8.034058,0,0,0,270,0,0,0
0,8.039316,0,0,0,270,0,0,0
0,8.046251,0,0,0,270,0,0,0
0,8.051838,0,0,0,270,0,0,0
0,8.058153,0,0,0,270,0,0,0
0,8.063272,0,0,0,270,0,0,0
0,8.069349,0,0,0,270,0,0,0
0,8.075827,0,0,0,270,0,0,0
0,8.094889,0,0,0,270,0,0,0
0,8.101017,0,0,0,270,0,0,0
0,8.10634,0,0,0,270,0,0,0
0,8.11125,0,0,0,270,0,0,0
0,8.116566,0,0,0,270,0,0,0
0,8.122396,0,0,0,270,0,0,0
0,8.128441,0,0,0,270,0,0,0
0,8.135014,0,0,0,270,0,0,0
0,8.140661,0,0,0,270,0,0,0
0,8.147299,0,0,0,270,0,0,0
0,8.152956,0,0,0,270,0,0,0
0,8.158323,0,0,0,270,0,0,0
0,8.164902,0,0,0,270,0,0,0
0,8.171028,0,0,0,270,0,0,0
0,8.177963,0,0,0,270,0,0,0
0,8.182991,0,0,0,270,0,0,0
0,8.188969,0,0,0,270,0,0,0
0,8.19396,0,0,0,270,0,0,0
0,8.200836,0,0,0,270,0,0,0
0,8.206011,0,0,0,270,0,0,0
0,8.212084,0,0,0,270,0,0,0
0,8.217337,0,0,0,270,0,0,0
0,8.2222,0,0,0,270,0,0,0
0,8.228416,0,0,0,270,0,0,0
0,8.245363,0,0,0,270,0,0,0
0,8.251949,0,0,0,270,0,0,0
0,8.259077,0,0,0,270,0,0,0
0,8.264807,0,0,0,270,0,0,0
0,8.269779,0,0,0,270,0,0,0
0,8.275412,0,0,0,270,0,0,0
0,8.280392,0,0,0,270,0,0,0
0,8.285118,0,0,0,270,0,0,0
0,8.29073,0,0,0,270,0,0,0
0,8.302572,0,0,0,270,0,0,0
0,8.310028,0,0,0,270,0,0,0
0,8.31555,0,0,0,270,0,0,0
0,8.321545,0,0,0,270,0,0,0
0,8.326773,0,0,0,270,0,0,0
0,8.334021,0,0,0,270,0,0,0
0,8.340137,0,0,0,270,0,0,0
0,8.346155,0,0,0,270,0,0,0
0,8.352028,0,0,0,270,0,0,0
0,8.357967,0,0,0,270,0,0,0
0,8.36388,0,0,0,270,0,0,0
0,8.370508,0,0,0,270,0,0,0
0,8.377489,0,0,0,270,0,0,0
0,8.384293,0,0,0,270,0,0,0
0,8.403818,0,0,0,270,0,0,0
0,8.410362,0,0,0,270,0,0,0
0,8.416786,0,0,0,270,0,0,0
0,8.423689,0,0,0,270,0,0,0
0,8.430058,0,0,0,270,0,0,0
0,8.437063,0,0,0,270,0,0,0
0,8.443386,0,0,0,270,0,0,0
0,8.44911,0,0,0,270,0,0,0
0,8.455105,0,0,0,270,0,0,0
0,8.4613,0,0,0,270,0,0,0
0,8.467413,0,0,0,270,0,0,0
0,8.472357,0,0,0,270,0,0,0
0,8.479242,0,0,0,270,0,0,0
0,8.48488,0,0,0,270,0,0,0
0,8.490702,0,0,0,270,0,0,0
0,8.497662,0,0,0,270,0,0,0
0,8.504337,0,0,0,270,0,0,0
0,8.510857,0,0,0,270,0,0,0
0,8.516478,0,0,0,270,0,0,0
0,8.522739,0,0,0,270,0,0,0
0,8.538599,0,0,0,270,0,0,0
0,8.56587,0,0,0,270,0,0,0
0,8.57102,0,0,0,270,0,0,0
0,8.577887,0,0,0,270,0,0,0
0,8.583784,0,0,0,270,0,0,0
0,8.591114,0,0,0,270,0,0,0
0,8.598743,0,0,0,270,0,0,0
0,8.608612,0,0,0,270,0,0,0
0,8.61624,0,0,0,270,0,0,0
0,8.623638,0,0,0,270,0,0,0
0,8.632101,0,0,0,270,0,0,0
0,8.639189,0,0,0,270,0,0,0
0,8.645763,0,0,0,270,0,0,0
0,8.652308,0,0,0,270,0,0,0
0,8.659126,0,0,0,270,0,0,0
0,8.666576,0,0,0,270,0,0,0
0,8.6735,0,0,0,270,0,0,0
0,8.680807,0,0,0,270,0,0,0
0,8.687603,0,0,0,270,0,0,0
0,8.69451,0,0,0,270,0,0,0
0,8.717493,0,0,0,270,0,0,0
0,8.723778,0,0,0,270,0,0,0
0,8.730417,0,0,0,270,0,0,0
0,8.73674,0,0,0,270,0,0,0
0,8.74295,0,0,0,270,0,0,0
0,8.748726,0,0,0,270,0,0,0
0,8.753887,0,0,0,270,0,0,0
0,8.76016,0,0,0,270,0,0,0
0,8.766727,0,0,0,270,0,0,0
0,8.773136,0,0,0,270,0,0,0
0,8.780191,0,0,0,270,0,0,0
0,8.78549,0,0,0,270,0,0,0
0,8.791521,0,0,0,270,0,0,0
0,8.797661,0,0,0,270,0,0,0
0,8.802986,0,0,0,270,0,0,0
0,8.809355,0,0,0,270,0,0,0
0,8.814806,0,0,0,270,0,0,0
0,8.821486,0,0,0,270,0,0,0
0,8.827753,0,0,0,270,0,0,0
0,8.834179,0,0,0,270,0,0,0
0,8.842621,0,0,0,270,0,0,0
0,8.850199,0,0,0,270,0,0,0
0,8.873066,0,0,0,270,0,0,0
0,8.880085,0,0,0,270,0,0,0
0,8.888485,0,0,0,270,0,0,0
0,8.895655,0,0,0,270,0,0,0
0,8.903185,0,0,0,270,0,0,0
0,8.910444,0,0,0,270,0,0,0
0,8.918047,0,0,0,270,0,0,0
0,8.925528,0,0,0,270,0,0,0
0,8.93318,0,0,0,270,0,0,0
0,8.940279,0,0,0,270,0,0,0
0,8.947708,0,0,0,270,0,0,0
0,8.954535,0,0,0,270,0,0,0
0,8.961159,0,0,0,270,0,0,0
0,8.968336,0,0,0,270,0,0,0
0,8.975998,0,0,0,270,0,0,0
0,8.981934,0,0,0,270,0,0,0
0,8.988691,0,0,0,270,0,0,0
0,8.995138,0,0,0,270,0,0,0
0,9.002335,0,0,0,270,0,0,0
0,9.025415,0,0,0,270,0,0,0
0,9.032351,0,0,0,270,0,0,0
0,9.039181,0,0,0,270,0,0,0
0,9.045506,0,0,0,270,0,0,0
0,9.051846,0,0,0,270,0,0,0
0,9.058987,0,0,0,270,0,0,0
0,9.065418,0,0,0,270,0,0,0
0,9.071625,0,0,0,270,0,0,0
0,9.078997,0,0,0,270,0,0,0
0,9.086842,0,0,0,270,0,0,0
0,9.094313,0,0,0,270,0,0,0
0,9.101366,0,0,0,270,0,0,0
0,9.108492,0,0,0,270,0,0,0
0,9.114475,0,0,0,270,0,0,0
0,9.122101,0,0,0,270,0,0,0
0,9.12826,0,0,0,270,0,0,0
0,9.135542,0,0,0,270,0,0,0
0,9.141598,0,0,0,270,0,0,0
0,9.148249,0,0,0,270,0,0,0
0,9.154699,0,0,0,270,0,0,0
0,9.181826,0,0,0,270,0,0,0
0,9.195265,0,0,0,270,0,0,0
0,9.203465,0,0,0,270,0,0,0
0,9.212021,0,0,0,270,0,0,0
0,9.219467,0,0,0,270,0,0,0
0,9.228983,0,0,0,270,0,0,0
0,9.23624,0,0,0,270,0,0,0
0,9.24617,0,0,0,270,0,0,0
0,9.25326,0,0,0,270,0,0,0
0,9.265928,0,0,0,270,0,0,0
0,9.273865,0,0,0,270,0,0,0
0,9.283804,0,0,0,270,0,0,0
0,9.290819,0,0,0,270,0,0,0
0,9.29777,0,0,0,270,0,0,0
0,9.30397,0,0,0,270,0,0,0
0,9.310492,0,0,0,270,0,0,0
0,9.331272,0,0,0,270,0,0,0
0,9.336775,0,0,0,270,0,0,0
0,9.346306,0,0,0,270,0,0,0
0,9.352715,0,0,0,270,0,0,0
0,9.35849,0,0,0,270,0,0,0
0,9.364538,0,0,0,270,0,0,0
0,9.369547,0,0,0,270,0,0,0
0,9.374344,0,0,0,270,0,0,0
0,9.380424,0,0,0,270,0,0,0
0,9.386959,0,0,0,270,0,0,0
0,9.392378,0,0,0,270,0,0,0
0,9.398066,0,0,0,270,0,0,0
0,9.402864,0,0,0,270,0,0,0
0,9.407454,0,0,0,270,0,0,0
0,9.412703,0,0,0,270,0,0,0
0,9.418295,0,0,0,270,0,0,0
0,9.423162,0,0,0,270,0,0,0
0,9.428064,0,0,0,270,0,0,0
0,9.43391,0,0,0,270,0,0,0
0,9.439787,0,0,0,270,0,0,0
0,9.446087,0,0,0,270,0,0,0
0,9.451576,0,0,0,270,0,0,0
0,9.457275,0,0,0,270,0,0,0
0,9.462851,0,0,0,270,0,0,0
0,9.480267,0,0,0,270,0,0,0
0,9.48538,0,0,0,270,0,0,0
0,9.491642,0,0,0,270,0,0,0
0,9.49744,0,0,0,270,0,0,0
0,9.502842,0,0,0,270,0,0,0
0,9.508831,0,0,0,270,0,0,0
0,9.514357,0,0,0,270,0,0,0
0,9.520157,0,0,0,270,0,0,0
0,9.526134,0,0,0,270,0,0,0
0,9.531809,0,0,0,270,0,0,0
0,9.537209,0,0,0,270,0,0,0
0,9.542349,0,0,0,270,0,0,0
0,9.547932,0,0,0,270,0,0,0
0,9.554247,0,0,0,270,0,0,0
0,9.561773,0,0,0,270,0,0,0
0,9.570097,0,0,0,270,0,0,0
0,9.578022,0,0,0,270,0,0,0
0,9.584671,0,0,0,270,0,0,0
0,9.591986,0,0,0,270,0,0,0
0,9.604053,0,0,0,270,0,0,0
0,9.619694,0,0,0,270,0,0,0
0,9.652163,0,0,0,270,0,0,0
0,9.664793,0,0,0,270,0,0,0
0,9.672148,0,0,0,270,0,0,0
0,9.67881,0,0,0,270,0,0,0
0,9.686058,0,0,0,270,0,0,0
0,9.691349,0,0,0,270,0,0,0
0,9.697428,0,0,0,270,0,0,0
0,9.703159,0,0,0,270,0,0,0
0,9.709249,0,0,0,270,0,0,0
0,9.715279,0,0,0,270,0,0,0
0,9.72784,0,0,0,270,0,0,0
0,9.738281,0,0,0,270,0,0,0
0,9.759693,0,0,0,270,0,0,0
0,9.766306,0,0,0,270,0,0,0
0,9.77282,0,0,0,270,0,0,0
0,9.794834,0,0,0,270,0,0,0
0,9.800404,0,0,0,270,0,0,0
0,9.806601,0,0,0,270,0,0,0
0,9.813053,0,0,0,270,0,0,0
0,9.820793,0,0,0,270,0,0,0
0,9.827684,0,0,0,270,0,0,0
0,9.834009,0,0,0,270,0,0,0
0,9.840326,0,0,0,270,0,0,0
0,9.846327,0,0,0,270,0,0,0
0,9.850716,0,0,0,270,0,0,0
0,9.856255,0,0,0,270,0,0,0
0,9.861538,0,0,0,270,0,0,0
0,9.866854,0,0,0,270,0,0,0
0,9.872074,0,0,0,270,0,0,0
0,9.877668,0,0,0,270,0,0,0
0,9.88315,0,0,0,270,0,0,0
0,9.888779,0,0,0,270,0,0,0
0,9.895088,0,0,0,270,0,0,0
0,9.901354,0,0,0,270,0,0,0
0,9.908432,0,0,0,270,0,0,0
0,9.917612,0,0,0,270,0,0,0
0,9.926764,0,0,0,270,0,0,0
0,9.949133,0,0,0,270,0,0,0
0,9.956671,0,0,0,270,0,0,0
0,9.968838,0,0,0,270,0,0,0
0,9.976177,0,0,0,270,0,0,0
0,9.981359,0,0,0,270,0,0,0
0,9.987015,0,0,0,270,0,0,0
0,9.993027,0,0,0,270,0,0,0
0,9.998606,0,0,0,270,0,0,0
0,10.00481,0,0,0,270,0,0,0
0,10.01017,0,0,0,270,0,0,0
0,10.01568,0,0,0,270,0,0,0
0,10.02276,0,0,0,270,0,0,0
0,10.02835,0,0,0,270,0,0,0
0,10.03482,0,0,0,270,0,0,0
0,10.04347,0,0,0,270,0,0,0
0,10.04887,0,0,0,270,0,0,0
0,10.05581,0,0,0,270,0,0,0
0,10.06235,0,0,0,270,0,0,0
0,10.06928,0,0,0,270,0,0,0
0,10.07428,0,0,0,270,0,0,0
0,10.07938,0,0,0,270,0,0,0
0,10.09615,0,0,0,270,0,0,0
0,10.10163,0,0,0,270,0,0,0
0,10.10721,0,0,0,270,0,0,0
0,10.11283,0,0,0,270,0,0,0
0,10.12014,0,0,0,270,0,0,0
0,10.12597,0,0,0,270,0,0,0
0,10.13239,0,0,0,270,0,0,0
0,10.13742,0,0,0,270,0,0,0
0,10.14403,0,0,0,270,0,0,0
0,10.15005,0,0,0,270,0,0,0
0,10.15582,0,0,0,270,0,0,0
0,10.1618,0,0,0,270,0,0,0
0,10.16736,0,0,0,270,0,0,0
0,10.17325,0,0,0,270,0,0,0
0,10.1798,0,0,0,270,0,0,0
0,10.18548,0,0,0,270,0,0,0
0,10.19138,0,0,0,270,0,0,0
0,10.19765,0,0,0,270,0,0,0
0,10.20518,0,0,0,270,0,0,0
0,10.21592,0,0,0,270,0,0,0
0,10.22263,0,0,0,270,0,0,0
0,10.23138,0,0,0,270,0,0,0
0,10.25131,0,0,0,270,0,0,0
0,10.25911,0,0,0,270,0,0,0
0,10.26589,0,0,0,270,0,0,0
0,10.2762,0,0,0,270,0,0,0
0,10.28282,0,0,0,270,0,0,0
0,10.29355,0,0,0,270,0,0,0
0,10.30192,0,0,0,270,0,0,0
0,10.31008,0,0,0,270,0,0,0
0,10.31633,0,0,0,270,0,0,0
0,10.32294,0,0,0,270,0,0,0
0,10.32883,0,0,0,270,0,0,0
0,10.33487,0,0,0,270,0,0,0
0,10.34018,0,0,0,270,0,0,0
0,10.34546,0,0,0,270,0,0,0
0,10.35077,0,0,0,270,0,0,0
0,10.35639,0,0,0,270,0,0,0
0,10.36147,0,0,0,270,0,0,0
0,10.36704,0,0,0,270,0,0,0
0,10.37236,0,0,0,270,0,0,0
0,10.37877,0,0,0,270,0,0,0
0,10.38439,0,0,0,270,0,0,0
0,10.40457,0,0,0,270,0,0,0
0,10.41042,0,0,0,270,0,0,0
0,10.41527,0,0,0,270,0,0,0
0,10.42078,0,0,0,270,0,0,0
0,10.42615,0,0,0,270,0,0,0
0,10.43207,0,0,0,270,0,0,0
0,10.43699,0,0,0,270,0,0,0
0,10.44272,0,0,0,270,0,0,0
0,10.44804,0,0,0,270,0,0,0
0,10.45299,0,0,0,270,0,0,0
0,10.45818,0,0,0,270,0,0,0
0,10.46429,0,0,0,270,0,0,0
0,10.4686,0,0,0,270,0,0,0
0,10.47304,0,0,0,270,0,0,0
0,10.47866,0,0,0,270,0,0,0
0,10.48325,0,0,0,270,0,0,0
0,10.48818,0,0,0,270,0,0,0
0,10.49303,0,0,0,270,0,0,0
0,10.49828,0,0,0,270,0,0,0
0,10.50351,0,0,0,270,0,0,0
0,10.50948,0,0,0,270,0,0,0
0,10.51614,0,0,0,270,0,0,0
0,10.52166,0,0,0,270,0,0,0
0,10.52699,0,0,0,270,0,0,0
0,10.53207,0,0,0,270,0,0,0
0,10.5369,0,0,0,270,0,0,0
0,10.55735,0,0,0,270,0,0,0
0,10.56407,0,0,0,270,0,0,0
0,10.56972,0,0,0,270,0,0,0
0,10.5772,0,0,0,270,0,0,0
0,10.58347,0,0,0,270,0,0,0
0,10.5897,0,0,0,270,0,0,0
0,10.59528,0,0,0,270,0,0,0
0,10.6022,0,0,0,270,0,0,0
0,10.60758,0,0,0,270,0,0,0
0,10.61505,0,0,0,270,0,0,0
0,10.62092,0,0,0,270,0,0,0
0,10.62636,0,0,0,270,0,0,0
0,10.63118,0,0,0,270,0,0,0
0,10.64087,0,0,0,270,0,0,0
0,10.64897,0,0,0,270,0,0,0
0,10.65593,0,0,0,270,0,0,0
0,10.66296,0,0,0,270,0,0,0
0,10.66934,0,0,0,270,0,0,0
0,10.67675,0,0,0,270,0,0,0
0,10.68345,0,0,0,270,0,0,0
0,10.68894,0,0,0,270,0,0,0
0,10.71329,0,0,0,270,0,0,0
0,10.71929,0,0,0,270,0,0,0
0,10.72443,0,0,0,270,0,0,0
0,10.73054,0,0,0,270,0,0,0
0,10.73616,0,0,0,270,0,0,0
0,10.74388,0,0,0,270,0,0,0
0,10.74945,0,0,0,270,0,0,0
0,10.75883,0,0,0,270,0,0,0
0,10.76548,0,0,0,270,0,0,0
0,10.77315,0,0,0,270,0,0,0
0,10.78126,0,0,0,270,0,0,0
0,10.79347,0,0,0,270,0,0,0
0,10.80693,0,0,0,270,0,0,0
0,10.82428,0,0,0,270,0,0,0
0,10.83534,0,0,0,270,0,0,0
0,10.84502,0,0,0,270,0,0,0
0,10.87069,0,0,0,270,0,0,0
0,10.87918,0,0,0,270,0,0,0
0,10.88491,0,0,0,270,0,0,0
0,10.89191,0,0,0,270,0,0,0
0,10.89984,0,0,0,270,0,0,0
0,10.9067,0,0,0,270,0,0,0
0,10.91407,0,0,0,270,0,0,0
0,10.92162,0,0,0,270,0,0,0
0,10.92899,0,0,0,270,0,0,0
0,10.93714,0,0,0,270,0,0,0
0,10.94292,0,0,0,270,0,0,0
0,10.9491,0,0,0,270,0,0,0
0,10.95615,0,0,0,270,0,0,0
0,10.96241,0,0,0,270,0,0,0
0,10.96981,0,0,0,270,0,0,0
0,10.97506,0,0,0,270,0,0,0
0,10.98119,0,0,0,270,0,0,0
0,10.98722,0,0,0,270,0,0,0
0,10.993,0,0,0,270,0,0,0
0,10.99972,0,0,0,270,0,0,0
0,11.02209,0,0,0,270,0,0,0
0,11.02843,0,0,0,270,0,0,0
0,11.03467,0,0,0,270,0,0,0
0,11.03959,0,0,0,270,0,0,0
0,11.04607,0,0,0,270,0,0,0
0,11.05152,0,0,0,270,0,0,0
0,11.05783,0,0,0,270,0,0,0
0,11.06243,0,0,0,270,0,0,0
0,11.06906,0,0,0,270,0,0,0
0,11.07654,0,0,0,270,0,0,0
0,11.08249,0,0,0,270,0,0,0
0,11.08985,0,0,0,270,0,0,0
0,11.09581,0,0,0,270,0,0,0
0,11.10755,0,0,0,270,0,0,0
0,11.11715,0,0,0,270,0,0,0
0,11.12272,0,0,0,270,0,0,0
0,11.12842,0,0,0,270,0,0,0
0,11.13474,0,0,0,270,0,0,0
0,11.1399,0,0,0,270,0,0,0
0,11.14478,0,0,0,270,0,0,0
0,11.15035,0,0,0,270,0,0,0
0,11.16882,0,0,0,270,0,0,0
0,11.17485,0,0,0,270,0,0,0
0,11.18031,0,0,0,270,0,0,0
0,11.18817,0,0,0,270,0,0,0
0,11.19406,0,0,0,270,0,0,0
0,11.2007,0,0,0,270,0,0,0
0,11.2063,0,0,0,270,0,0,0
0,11.2124,0,0,0,270,0,0,0
0,11.21835,0,0,0,270,0,0,0
0,11.22445,0,0,0,270,0,0,0
0,11.23116,0,0,0,270,0,0,0
0,11.23758,0,0,0,270,0,0,0
0,11.24427,0,0,0,270,0,0,0
0,11.2493,0,0,0,270,0,0,0
0,11.25434,0,0,0,270,0,0,0
0,11.25995,0,0,0,270,0,0,0
0,11.2657,0,0,0,270,0,0,0
0,11.27058,0,0,0,270,0,0,0
0,11.27707,0,0,0,270,0,0,0
0,11.28248,0,0,0,270,0,0,0
0,11.28913,0,0,0,270,0,0,0
0,11.29549,0,0,0,270,0,0,0
0,11.30192,0,0,0,270,0,0,0
0,11.33791,0,0,0,270,0,0,0
